id	endangerment_status	range_geojson	wikidata_qid	source_url	retrieved_at	confidence	sources
aap	vulnerable		Q56807	http://www.wikidata.org/entity/Q56807	2026-07-08T11:44:14.709Z	0.9	["UNESCO Atlas of the World's Languages in Danger (via Wikidata P1999)","UNESCO Atlas language id 1665"]
aau	vulnerable		Q3073568	http://www.wikidata.org/entity/Q3073568	2026-07-08T11:44:14.709Z	0.9	["UNESCO Atlas of the World's Languages in Danger (via Wikidata P1999)"]
abk	vulnerable		Q5111	http://www.wikidata.org/entity/Q5111	2026-07-08T11:44:14.709Z	0.9	["UNESCO Atlas of the World's Languages in Danger (via Wikidata P1999)","UNESCO Atlas language id 1076"]
aca	severely endangered		Q2822982	http://www.wikidata.org/entity/Q2822982	2026-07-08T11:44:14.709Z	0.9	["UNESCO Atlas of the World's Languages in Danger (via Wikidata P1999)","UNESCO Atlas language id 284"]
ace	safe		Q27683	http://www.wikidata.org/entity/Q27683	2026-07-08T11:44:14.709Z	0.9	["UNESCO Atlas of the World's Languages in Danger (via Wikidata P1999)"]
acr	vulnerable		Q34774	http://www.wikidata.org/entity/Q34774	2026-07-08T11:44:14.709Z	0.9	["UNESCO Atlas of the World's Languages in Danger (via Wikidata P1999)","UNESCO Atlas language id 1777"]
acu	definitely endangered		Q2823170	http://www.wikidata.org/entity/Q2823170	2026-07-08T11:44:14.709Z	0.9	["UNESCO Atlas of the World's Languages in Danger (via Wikidata P1999)","UNESCO Atlas language id 566"]
ady	vulnerable		Q27776	http://www.wikidata.org/entity/Q27776	2026-07-08T11:44:14.709Z	0.9	["UNESCO Atlas of the World's Languages in Danger (via Wikidata P1999)","UNESCO Atlas language id 1064"]
agr	vulnerable		Q1526530	http://www.wikidata.org/entity/Q1526530	2026-07-08T11:44:14.709Z	0.9	["UNESCO Atlas of the World's Languages in Danger (via Wikidata P1999)","UNESCO Atlas language id 734"]
agx	definitely endangered		Q36498	http://www.wikidata.org/entity/Q36498	2026-07-08T11:44:14.709Z	0.9	["UNESCO Atlas of the World's Languages in Danger (via Wikidata P1999)","UNESCO Atlas language id 1035"]
aht	critically endangered		Q21058	http://www.wikidata.org/entity/Q21058	2026-07-08T11:44:14.709Z	0.9	["UNESCO Atlas of the World's Languages in Danger (via Wikidata P1999)","UNESCO Atlas language id 144"]
ain	critically endangered		Q27969	http://www.wikidata.org/entity/Q27969	2026-07-08T11:44:14.709Z	0.9	["UNESCO Atlas of the World's Languages in Danger (via Wikidata P1999)","UNESCO Atlas language id 475"]
ake	vulnerable		Q28059	http://www.wikidata.org/entity/Q28059	2026-07-08T11:44:14.709Z	0.9	["UNESCO Atlas of the World's Languages in Danger (via Wikidata P1999)","UNESCO Atlas language id 285"]
akq	severely endangered		Q56654	http://www.wikidata.org/entity/Q56654	2026-07-08T11:44:14.709Z	0.9	["UNESCO Atlas of the World's Languages in Danger (via Wikidata P1999)","UNESCO Atlas language id 2105"]
akz	definitely endangered		Q1815020	http://www.wikidata.org/entity/Q1815020	2026-07-08T11:44:14.709Z	0.9	["UNESCO Atlas of the World's Languages in Danger (via Wikidata P1999)","UNESCO Atlas language id 898"]
ale	critically endangered		Q27210	http://www.wikidata.org/entity/Q27210	2026-07-08T11:44:14.709Z	0.9	["UNESCO Atlas of the World's Languages in Danger (via Wikidata P1999)","UNESCO Atlas language id 145"]
alt	definitely endangered		Q1991779	http://www.wikidata.org/entity/Q1991779	2026-07-08T11:44:14.709Z	0.9	["UNESCO Atlas of the World's Languages in Danger (via Wikidata P1999)","UNESCO Atlas language id 462"]
amc	severely endangered		Q2669150	http://www.wikidata.org/entity/Q2669150	2026-07-08T11:44:14.709Z	0.9	["UNESCO Atlas of the World's Languages in Danger (via Wikidata P1999)","UNESCO Atlas language id 752"]
ame	severely endangered		Q3088540	http://www.wikidata.org/entity/Q3088540	2026-07-08T11:44:14.709Z	0.9	["UNESCO Atlas of the World's Languages in Danger (via Wikidata P1999)","UNESCO Atlas language id 739"]
amh	safe		Q28244	http://www.wikidata.org/entity/Q28244	2026-07-08T11:44:14.709Z	0.9	["UNESCO Atlas of the World's Languages in Danger (via Wikidata P1999)"]
ami	vulnerable		Q35132	http://www.wikidata.org/entity/Q35132	2026-07-08T11:44:14.709Z	0.9	["UNESCO Atlas of the World's Languages in Danger (via Wikidata P1999)","UNESCO Atlas language id 2030"]
anq	critically endangered		Q2475526	http://www.wikidata.org/entity/Q2475526	2026-07-08T11:44:14.709Z	0.9	["UNESCO Atlas of the World's Languages in Danger (via Wikidata P1999)","UNESCO Atlas language id 1364"]
aoc	vulnerable		Q10729616	http://www.wikidata.org/entity/Q10729616	2026-07-08T11:44:14.709Z	0.9	["UNESCO Atlas of the World's Languages in Danger (via Wikidata P1999)","UNESCO Atlas language id 1918"]
aon	vulnerable		Q3508044	http://www.wikidata.org/entity/Q3508044	2026-07-08T11:44:14.709Z	0.9	["UNESCO Atlas of the World's Languages in Danger (via Wikidata P1999)","UNESCO Atlas language id 2657"]
ape	vulnerable		Q3507895	http://www.wikidata.org/entity/Q3507895	2026-07-08T11:44:14.709Z	0.9	["UNESCO Atlas of the World's Languages in Danger (via Wikidata P1999)","UNESCO Atlas language id 2665"]
apj	severely endangered		Q28277	http://www.wikidata.org/entity/Q28277	2026-07-08T11:44:14.709Z	0.9	["UNESCO Atlas of the World's Languages in Danger (via Wikidata P1999)","UNESCO Atlas language id 787"]
apk	critically endangered		Q27861	http://www.wikidata.org/entity/Q27861	2026-07-08T11:44:14.709Z	0.9	["UNESCO Atlas of the World's Languages in Danger (via Wikidata P1999)","UNESCO Atlas language id 789"]
apl	extinct		Q28269	http://www.wikidata.org/entity/Q28269	2026-07-08T11:44:14.709Z	0.9	["UNESCO Atlas of the World's Languages in Danger (via Wikidata P1999)","UNESCO Atlas language id 788"]
apm	definitely endangered		Q13368	http://www.wikidata.org/entity/Q13368	2026-07-08T11:44:14.709Z	0.9	["UNESCO Atlas of the World's Languages in Danger (via Wikidata P1999)","UNESCO Atlas language id 786"]
apw	definitely endangered		Q28060	http://www.wikidata.org/entity/Q28060	2026-07-08T11:44:14.709Z	0.9	["UNESCO Atlas of the World's Languages in Danger (via Wikidata P1999)","UNESCO Atlas language id 785"]
apy	vulnerable		Q2736980	http://www.wikidata.org/entity/Q2736980	2026-07-08T11:44:14.709Z	0.9	["UNESCO Atlas of the World's Languages in Danger (via Wikidata P1999)","UNESCO Atlas language id 761"]
aqc	definitely endangered		Q34915	http://www.wikidata.org/entity/Q34915	2026-07-08T11:44:14.709Z	0.9	["UNESCO Atlas of the World's Languages in Danger (via Wikidata P1999)","UNESCO Atlas language id 1038"]
aqz	critically endangered		Q4701960	http://www.wikidata.org/entity/Q4701960	2026-07-08T11:44:14.709Z	0.9	["UNESCO Atlas of the World's Languages in Danger (via Wikidata P1999)","UNESCO Atlas language id 567"]
arh	vulnerable		Q2640621	http://www.wikidata.org/entity/Q2640621	2026-07-08T11:44:14.709Z	0.9	["UNESCO Atlas of the World's Languages in Danger (via Wikidata P1999)","UNESCO Atlas language id 286"]
ari	critically endangered		Q56539	http://www.wikidata.org/entity/Q56539	2026-07-08T11:44:14.709Z	0.9	["UNESCO Atlas of the World's Languages in Danger (via Wikidata P1999)","UNESCO Atlas language id 891"]
ark	critically endangered		Q3446640	http://www.wikidata.org/entity/Q3446640	2026-07-08T11:44:14.709Z	0.9	["UNESCO Atlas of the World's Languages in Danger (via Wikidata P1999)","UNESCO Atlas language id 571"]
arn	definitely endangered		Q33730	http://www.wikidata.org/entity/Q33730	2026-07-08T11:44:14.709Z	0.9	["UNESCO Atlas of the World's Languages in Danger (via Wikidata P1999)","UNESCO Atlas language id 1754"]
arp	severely endangered		Q56417	http://www.wikidata.org/entity/Q56417	2026-07-08T11:44:14.709Z	0.9	["UNESCO Atlas of the World's Languages in Danger (via Wikidata P1999)","UNESCO Atlas language id 1454"]
arr	critically endangered		Q35539	http://www.wikidata.org/entity/Q35539	2026-07-08T11:44:14.709Z	0.9	["UNESCO Atlas of the World's Languages in Danger (via Wikidata P1999)","UNESCO Atlas language id 1617"]
arw	severely endangered		Q2655664	http://www.wikidata.org/entity/Q2655664	2026-07-08T11:44:14.709Z	0.9	["UNESCO Atlas of the World's Languages in Danger (via Wikidata P1999)","UNESCO Atlas language id 302"]
atr	vulnerable		Q56865	http://www.wikidata.org/entity/Q56865	2026-07-08T11:44:14.709Z	0.9	["UNESCO Atlas of the World's Languages in Danger (via Wikidata P1999)","UNESCO Atlas language id 1855"]
ats	critically endangered		Q56628	http://www.wikidata.org/entity/Q56628	2026-07-08T11:44:14.709Z	0.9	["UNESCO Atlas of the World's Languages in Danger (via Wikidata P1999)","UNESCO Atlas language id 764"]
ava	vulnerable		Q29561	http://www.wikidata.org/entity/Q29561	2026-07-08T11:44:14.709Z	0.9	["UNESCO Atlas of the World's Languages in Danger (via Wikidata P1999)","UNESCO Atlas language id 1069"]
awa	safe		Q29579	http://www.wikidata.org/entity/Q29579	2026-07-08T11:44:14.709Z	0.9	["UNESCO Atlas of the World's Languages in Danger (via Wikidata P1999)"]
awe	vulnerable		Q4830038	http://www.wikidata.org/entity/Q4830038	2026-07-08T11:44:14.709Z	0.9	["UNESCO Atlas of the World's Languages in Danger (via Wikidata P1999)","UNESCO Atlas language id 574"]
ayo	definitely endangered		Q56634	http://www.wikidata.org/entity/Q56634	2026-07-08T11:44:14.709Z	0.9	["UNESCO Atlas of the World's Languages in Danger (via Wikidata P1999)","UNESCO Atlas language id 1926"]
aze	safe		Q9292	http://www.wikidata.org/entity/Q9292	2026-07-08T11:44:14.709Z	0.9	["UNESCO Atlas of the World's Languages in Danger (via Wikidata P1999)"]
bak	vulnerable		Q13389	http://www.wikidata.org/entity/Q13389	2026-07-08T11:44:14.709Z	0.9	["UNESCO Atlas of the World's Languages in Danger (via Wikidata P1999)","UNESCO Atlas language id 334"]
bbl	severely endangered		Q33259	http://www.wikidata.org/entity/Q33259	2026-07-08T11:44:14.709Z	0.9	["UNESCO Atlas of the World's Languages in Danger (via Wikidata P1999)","UNESCO Atlas language id 1041"]
bck	severely endangered		Q580923	http://www.wikidata.org/entity/Q580923	2026-07-08T11:44:14.709Z	0.9	["UNESCO Atlas of the World's Languages in Danger (via Wikidata P1999)","UNESCO Atlas language id 172"]
bdy	severely endangered		Q2980386	http://www.wikidata.org/entity/Q2980386	2026-07-08T11:44:14.709Z	0.9	["UNESCO Atlas of the World's Languages in Danger (via Wikidata P1999)","UNESCO Atlas language id 171"]
bea	definitely endangered		Q20826	http://www.wikidata.org/entity/Q20826	2026-07-08T11:44:14.709Z	0.9	["UNESCO Atlas of the World's Languages in Danger (via Wikidata P1999)","UNESCO Atlas language id 1546"]
bel	vulnerable		Q9091	http://www.wikidata.org/entity/Q9091	2026-07-08T11:44:14.709Z	0.9	["UNESCO Atlas of the World's Languages in Danger (via Wikidata P1999)","UNESCO Atlas language id 335"]
bkq	vulnerable		Q56846	http://www.wikidata.org/entity/Q56846	2026-07-08T11:44:14.709Z	0.9	["UNESCO Atlas of the World's Languages in Danger (via Wikidata P1999)","UNESCO Atlas language id 1781"]
bla	definitely endangered		Q33060	http://www.wikidata.org/entity/Q33060	2026-07-08T11:44:14.709Z	0.9	["UNESCO Atlas of the World's Languages in Danger (via Wikidata P1999)","UNESCO Atlas language id 1453"]
blc	critically endangered		Q977808	http://www.wikidata.org/entity/Q977808	2026-07-08T11:44:14.709Z	0.9	["UNESCO Atlas of the World's Languages in Danger (via Wikidata P1999)","UNESCO Atlas language id 1525"]
bor	definitely endangered		Q32986	http://www.wikidata.org/entity/Q32986	2026-07-08T11:44:14.709Z	0.9	["UNESCO Atlas of the World's Languages in Danger (via Wikidata P1999)","UNESCO Atlas language id 1805"]
bre	severely endangered		Q12107	http://www.wikidata.org/entity/Q12107	2026-07-08T11:44:14.709Z	0.9	["UNESCO Atlas of the World's Languages in Danger (via Wikidata P1999)","UNESCO Atlas language id 336"]
brg	critically endangered		Q2839722	http://www.wikidata.org/entity/Q2839722	2026-07-08T11:44:14.709Z	0.9	["UNESCO Atlas of the World's Languages in Danger (via Wikidata P1999)","UNESCO Atlas language id 1919"]
brh	vulnerable		Q33202	http://www.wikidata.org/entity/Q33202	2026-07-08T11:44:14.709Z	0.9	["UNESCO Atlas of the World's Languages in Danger (via Wikidata P1999)","UNESCO Atlas language id 2485"]
brn	critically endangered		Q4946773	http://www.wikidata.org/entity/Q4946773	2026-07-08T11:44:14.709Z	0.9	["UNESCO Atlas of the World's Languages in Danger (via Wikidata P1999)","UNESCO Atlas language id 1873"]
brx	severely endangered		Q33223	http://www.wikidata.org/entity/Q33223	2026-07-08T11:44:14.709Z	0.9	["UNESCO Atlas of the World's Languages in Danger (via Wikidata P1999)","UNESCO Atlas language id 1229"]
bsk	vulnerable		Q216286	http://www.wikidata.org/entity/Q216286	2026-07-08T11:44:14.709Z	0.9	["UNESCO Atlas of the World's Languages in Danger (via Wikidata P1999)","UNESCO Atlas language id 1599"]
bsn	severely endangered		Q2883843	http://www.wikidata.org/entity/Q2883843	2026-07-08T11:44:14.709Z	0.9	["UNESCO Atlas of the World's Languages in Danger (via Wikidata P1999)","UNESCO Atlas language id 1999"]
bua	definitely endangered		Q33120	http://www.wikidata.org/entity/Q33120	2026-07-08T11:44:14.709Z	0.9	["UNESCO Atlas of the World's Languages in Danger (via Wikidata P1999)","UNESCO Atlas language id 469"]
buh	definitely endangered		Q56299	http://www.wikidata.org/entity/Q56299	2026-07-08T11:44:14.709Z	0.9	["UNESCO Atlas of the World's Languages in Danger (via Wikidata P1999)","UNESCO Atlas language id 2404"]
bul	safe		Q7918	http://www.wikidata.org/entity/Q7918	2026-07-08T11:44:14.709Z	0.9	["UNESCO Atlas of the World's Languages in Danger (via Wikidata P1999)"]
bwi	vulnerable		Q3501735	http://www.wikidata.org/entity/Q3501735	2026-07-08T11:44:14.709Z	0.9	["UNESCO Atlas of the World's Languages in Danger (via Wikidata P1999)","UNESCO Atlas language id 1767"]
bzd	vulnerable		Q28400	http://www.wikidata.org/entity/Q28400	2026-07-08T11:44:14.709Z	0.9	["UNESCO Atlas of the World's Languages in Danger (via Wikidata P1999)","UNESCO Atlas language id 1903"]
caa	definitely endangered		Q35177	http://www.wikidata.org/entity/Q35177	2026-07-08T11:44:14.709Z	0.9	["UNESCO Atlas of the World's Languages in Danger (via Wikidata P1999)","UNESCO Atlas language id 1864"]
cac	vulnerable		Q35233	http://www.wikidata.org/entity/Q35233	2026-07-08T11:44:14.709Z	0.9	["UNESCO Atlas of the World's Languages in Danger (via Wikidata P1999)","UNESCO Atlas language id 1787"]
cad	critically endangered		Q56756	http://www.wikidata.org/entity/Q56756	2026-07-08T11:44:14.709Z	0.9	["UNESCO Atlas of the World's Languages in Danger (via Wikidata P1999)","UNESCO Atlas language id 894"]
cag	vulnerable		Q3182557	http://www.wikidata.org/entity/Q3182557	2026-07-08T11:44:14.709Z	0.9	["UNESCO Atlas of the World's Languages in Danger (via Wikidata P1999)","UNESCO Atlas language id 2189"]
cak	vulnerable		Q35115	http://www.wikidata.org/entity/Q35115	2026-07-08T11:44:14.709Z	0.9	["UNESCO Atlas of the World's Languages in Danger (via Wikidata P1999)","UNESCO Atlas language id 1367"]
cao	definitely endangered		Q2591202	http://www.wikidata.org/entity/Q2591202	2026-07-08T11:44:14.709Z	0.9	["UNESCO Atlas of the World's Languages in Danger (via Wikidata P1999)","UNESCO Atlas language id 1952"]
caq	critically endangered		Q35156	http://www.wikidata.org/entity/Q35156	2026-07-08T11:44:14.709Z	0.9	["UNESCO Atlas of the World's Languages in Danger (via Wikidata P1999)","UNESCO Atlas language id 1193"]
car	definitely endangered		Q56611	http://www.wikidata.org/entity/Q56611	2026-07-08T11:44:14.709Z	0.9	["UNESCO Atlas of the World's Languages in Danger (via Wikidata P1999)","UNESCO Atlas language id 683"]
cay	critically endangered		Q32967	http://www.wikidata.org/entity/Q32967	2026-07-08T11:44:14.709Z	0.9	["UNESCO Atlas of the World's Languages in Danger (via Wikidata P1999)","UNESCO Atlas language id 255"]
cbg	severely endangered		Q2963680	http://www.wikidata.org/entity/Q2963680	2026-07-08T11:44:14.709Z	0.9	["UNESCO Atlas of the World's Languages in Danger (via Wikidata P1999)","UNESCO Atlas language id 290"]
cbi	definitely endangered		Q2591329	http://www.wikidata.org/entity/Q2591329	2026-07-08T11:44:14.709Z	0.9	["UNESCO Atlas of the World's Languages in Danger (via Wikidata P1999)","UNESCO Atlas language id 581"]
cbn	definitely endangered		Q116849	http://www.wikidata.org/entity/Q116849	2026-07-08T11:44:14.709Z	0.9	["UNESCO Atlas of the World's Languages in Danger (via Wikidata P1999)","UNESCO Atlas language id 1008"]
cbr	definitely endangered		Q5359560	http://www.wikidata.org/entity/Q5359560	2026-07-08T11:44:14.709Z	0.9	["UNESCO Atlas of the World's Languages in Danger (via Wikidata P1999)","UNESCO Atlas language id 747"]
cbs	definitely endangered		Q2591230	http://www.wikidata.org/entity/Q2591230	2026-07-08T11:44:14.709Z	0.9	["UNESCO Atlas of the World's Languages in Danger (via Wikidata P1999)","UNESCO Atlas language id 749"]
cea	extinct		Q6693377	http://www.wikidata.org/entity/Q6693377	2026-07-08T11:44:14.709Z	0.9	["UNESCO Atlas of the World's Languages in Danger (via Wikidata P1999)","UNESCO Atlas language id 796"]
ceb	safe		Q33239	http://www.wikidata.org/entity/Q33239	2026-07-08T11:44:14.709Z	0.9	["UNESCO Atlas of the World's Languages in Danger (via Wikidata P1999)"]
ceg	critically endangered		Q3436637	http://www.wikidata.org/entity/Q3436637	2026-07-08T11:44:14.709Z	0.9	["UNESCO Atlas of the World's Languages in Danger (via Wikidata P1999)","UNESCO Atlas language id 2024"]
cha	vulnerable		Q33262	http://www.wikidata.org/entity/Q33262	2026-07-08T11:44:14.709Z	0.9	["UNESCO Atlas of the World's Languages in Danger (via Wikidata P1999)","UNESCO Atlas language id 2350"]
chc	extinct		Q5051602	http://www.wikidata.org/entity/Q5051602	2026-07-08T11:44:14.709Z	0.9	["UNESCO Atlas of the World's Languages in Danger (via Wikidata P1999)","UNESCO Atlas language id 890"]
che	vulnerable		Q33350	http://www.wikidata.org/entity/Q33350	2026-07-08T11:44:14.709Z	0.9	["UNESCO Atlas of the World's Languages in Danger (via Wikidata P1999)","UNESCO Atlas language id 1067"]
chf	severely endangered		Q35175	http://www.wikidata.org/entity/Q35175	2026-07-08T11:44:14.709Z	0.9	["UNESCO Atlas of the World's Languages in Danger (via Wikidata P1999)","UNESCO Atlas language id 1356"]
chl	critically endangered		Q56438	http://www.wikidata.org/entity/Q56438	2026-07-08T11:44:14.709Z	0.9	["UNESCO Atlas of the World's Languages in Danger (via Wikidata P1999)","UNESCO Atlas language id 867"]
cho	vulnerable		Q32979	http://www.wikidata.org/entity/Q32979	2026-07-08T11:44:14.709Z	0.9	["UNESCO Atlas of the World's Languages in Danger (via Wikidata P1999)","UNESCO Atlas language id 1541"]
chp	vulnerable		Q27692	http://www.wikidata.org/entity/Q27692	2026-07-08T11:44:14.709Z	0.9	["UNESCO Atlas of the World's Languages in Danger (via Wikidata P1999)","UNESCO Atlas language id 271"]
chr	severely endangered		Q33388	http://www.wikidata.org/entity/Q33388	2026-07-08T11:44:14.709Z	0.9	["UNESCO Atlas of the World's Languages in Danger (via Wikidata P1999)","UNESCO Atlas language id 1536"]
chv	definitely endangered		Q33348	http://www.wikidata.org/entity/Q33348	2026-07-08T11:44:14.709Z	0.9	["UNESCO Atlas of the World's Languages in Danger (via Wikidata P1999)","UNESCO Atlas language id 338"]
chy	definitely endangered		Q33265	http://www.wikidata.org/entity/Q33265	2026-07-08T11:44:14.709Z	0.9	["UNESCO Atlas of the World's Languages in Danger (via Wikidata P1999)","UNESCO Atlas language id 765"]
cic	severely endangered		Q33192	http://www.wikidata.org/entity/Q33192	2026-07-08T11:44:14.709Z	0.9	["UNESCO Atlas of the World's Languages in Danger (via Wikidata P1999)","UNESCO Atlas language id 897"]
cin	vulnerable		Q5121095	http://www.wikidata.org/entity/Q5121095	2026-07-08T11:44:14.709Z	0.9	["UNESCO Atlas of the World's Languages in Danger (via Wikidata P1999)","UNESCO Atlas language id 589"]
cjh	extinct		Q2962074	http://www.wikidata.org/entity/Q2962074	2026-07-08T11:44:14.709Z	0.9	["UNESCO Atlas of the World's Languages in Danger (via Wikidata P1999)","UNESCO Atlas language id 797"]
cjp	vulnerable		Q27878	http://www.wikidata.org/entity/Q27878	2026-07-08T11:44:14.709Z	0.9	["UNESCO Atlas of the World's Languages in Danger (via Wikidata P1999)","UNESCO Atlas language id 1875"]
ckt	severely endangered		Q33170	http://www.wikidata.org/entity/Q33170	2026-07-08T11:44:14.709Z	0.9	["UNESCO Atlas of the World's Languages in Danger (via Wikidata P1999)","UNESCO Atlas language id 466"]
clc	definitely endangered		Q28535	http://www.wikidata.org/entity/Q28535	2026-07-08T11:44:14.709Z	0.9	["UNESCO Atlas of the World's Languages in Danger (via Wikidata P1999)","UNESCO Atlas language id 800"]
clm	critically endangered		Q33404	http://www.wikidata.org/entity/Q33404	2026-07-08T11:44:14.709Z	0.9	["UNESCO Atlas of the World's Languages in Danger (via Wikidata P1999)","UNESCO Atlas language id 792"]
cni	vulnerable		Q3437230	http://www.wikidata.org/entity/Q3437230	2026-07-08T11:44:14.709Z	0.9	["UNESCO Atlas of the World's Languages in Danger (via Wikidata P1999)","UNESCO Atlas language id 1785"]
coe	definitely endangered		Q3198924	http://www.wikidata.org/entity/Q3198924	2026-07-08T11:44:14.709Z	0.9	["UNESCO Atlas of the World's Languages in Danger (via Wikidata P1999)","UNESCO Atlas language id 2051"]
cof	definitely endangered		Q2567055	http://www.wikidata.org/entity/Q2567055	2026-07-08T11:44:14.709Z	0.9	["UNESCO Atlas of the World's Languages in Danger (via Wikidata P1999)","UNESCO Atlas language id 591"]
col	critically endangered		Q3324744	http://www.wikidata.org/entity/Q3324744	2026-07-08T11:44:14.709Z	0.9	["UNESCO Atlas of the World's Languages in Danger (via Wikidata P1999)","UNESCO Atlas language id 803"]
coo	critically endangered		Q13583746	http://www.wikidata.org/entity/Q13583746	2026-07-08T11:44:14.709Z	0.9	["UNESCO Atlas of the World's Languages in Danger (via Wikidata P1999)","UNESCO Atlas language id 693"]
cor	critically endangered		Q25289	http://www.wikidata.org/entity/Q25289	2026-07-08T11:44:14.709Z	0.9	["UNESCO Atlas of the World's Languages in Danger (via Wikidata P1999)","UNESCO Atlas language id 339"]
cow	extinct		Q3001877	http://www.wikidata.org/entity/Q3001877	2026-07-08T11:44:14.709Z	0.9	["UNESCO Atlas of the World's Languages in Danger (via Wikidata P1999)","UNESCO Atlas language id 798"]
cox	vulnerable		Q15342275	http://www.wikidata.org/entity/Q15342275	2026-07-08T11:44:14.709Z	0.9	["UNESCO Atlas of the World's Languages in Danger (via Wikidata P1999)","UNESCO Atlas language id 730"]
coz	severely endangered		Q2964262	http://www.wikidata.org/entity/Q2964262	2026-07-08T11:44:14.709Z	0.9	["UNESCO Atlas of the World's Languages in Danger (via Wikidata P1999)"]
crd	critically endangered		Q32915	http://www.wikidata.org/entity/Q32915	2026-07-08T11:44:14.709Z	0.9	["UNESCO Atlas of the World's Languages in Danger (via Wikidata P1999)","UNESCO Atlas language id 802"]
crh	severely endangered		Q33357	http://www.wikidata.org/entity/Q33357	2026-07-08T11:44:14.709Z	0.9	["UNESCO Atlas of the World's Languages in Danger (via Wikidata P1999)","UNESCO Atlas language id 1448"]
cro	definitely endangered		Q1207611	http://www.wikidata.org/entity/Q1207611	2026-07-08T11:44:14.709Z	0.9	["UNESCO Atlas of the World's Languages in Danger (via Wikidata P1999)","UNESCO Atlas language id 883"]
crx	severely endangered		Q20614	http://www.wikidata.org/entity/Q20614	2026-07-08T11:44:14.709Z	0.9	["UNESCO Atlas of the World's Languages in Danger (via Wikidata P1999)","UNESCO Atlas language id 1241"]
csm	critically endangered		Q2944443	http://www.wikidata.org/entity/Q2944443	2026-07-08T11:44:14.709Z	0.9	["UNESCO Atlas of the World's Languages in Danger (via Wikidata P1999)","UNESCO Atlas language id 816"]
cta	definitely endangered		Q7687853	http://www.wikidata.org/entity/Q7687853	2026-07-08T11:44:14.709Z	0.9	["UNESCO Atlas of the World's Languages in Danger (via Wikidata P1999)","UNESCO Atlas language id 957"]
cux	vulnerable		Q20527242	http://www.wikidata.org/entity/Q20527242	2026-07-08T11:44:14.709Z	0.9	["UNESCO Atlas of the World's Languages in Danger (via Wikidata P1999)","UNESCO Atlas language id 1016"]
cym	vulnerable		Q9309	http://www.wikidata.org/entity/Q9309	2026-07-08T11:44:14.709Z	0.9	["UNESCO Atlas of the World's Languages in Danger (via Wikidata P1999)","UNESCO Atlas language id 425"]
dak	definitely endangered		Q530384	http://www.wikidata.org/entity/Q530384	2026-07-08T11:44:14.709Z	0.9	["UNESCO Atlas of the World's Languages in Danger (via Wikidata P1999)","UNESCO Atlas language id 273"]
dan	safe		Q9035	http://www.wikidata.org/entity/Q9035	2026-07-08T11:44:14.709Z	0.9	["UNESCO Atlas of the World's Languages in Danger (via Wikidata P1999)"]
dar	vulnerable		Q32332	http://www.wikidata.org/entity/Q32332	2026-07-08T11:44:14.709Z	0.9	["UNESCO Atlas of the World's Languages in Danger (via Wikidata P1999)","UNESCO Atlas language id 1070"]
dbl	critically endangered		Q35465	http://www.wikidata.org/entity/Q35465	2026-07-08T11:44:14.709Z	0.9	["UNESCO Atlas of the World's Languages in Danger (via Wikidata P1999)","UNESCO Atlas language id 178"]
ddo	definitely endangered		Q34033	http://www.wikidata.org/entity/Q34033	2026-07-08T11:44:14.709Z	0.9	["UNESCO Atlas of the World's Languages in Danger (via Wikidata P1999)","UNESCO Atlas language id 1051"]
deu	safe		Q188	http://www.wikidata.org/entity/Q188	2026-07-08T11:44:14.709Z	0.9	["UNESCO Atlas of the World's Languages in Danger (via Wikidata P1999)"]
dgr	definitely endangered		Q20979	http://www.wikidata.org/entity/Q20979	2026-07-08T11:44:14.709Z	0.9	["UNESCO Atlas of the World's Languages in Danger (via Wikidata P1999)","UNESCO Atlas language id 268"]
djd	severely endangered		Q6147825	http://www.wikidata.org/entity/Q6147825	2026-07-08T11:44:14.709Z	0.9	["UNESCO Atlas of the World's Languages in Danger (via Wikidata P1999)","UNESCO Atlas language id 174"]
dlm	extinct		Q35527	http://www.wikidata.org/entity/Q35527	2026-07-08T11:44:14.709Z	0.9	["UNESCO Atlas of the World's Languages in Danger (via Wikidata P1999)","UNESCO Atlas language id 345"]
drl	critically endangered		Q5223941	http://www.wikidata.org/entity/Q5223941	2026-07-08T11:44:14.709Z	0.9	["UNESCO Atlas of the World's Languages in Danger (via Wikidata P1999)","UNESCO Atlas language id 2072"]
dta	definitely endangered		Q32430	http://www.wikidata.org/entity/Q32430	2026-07-08T11:44:14.709Z	0.9	["UNESCO Atlas of the World's Languages in Danger (via Wikidata P1999)","UNESCO Atlas language id 450"]
dzo	vulnerable		Q33081	http://www.wikidata.org/entity/Q33081	2026-07-08T11:44:14.709Z	0.9	["UNESCO Atlas of the World's Languages in Danger (via Wikidata P1999)","UNESCO Atlas language id 1253"]
elx	extinct		Q35470	http://www.wikidata.org/entity/Q35470	2026-07-08T11:44:14.709Z	0.9	["UNESCO Atlas of the World's Languages in Danger (via Wikidata P1999)"]
ems	severely endangered		Q27992	http://www.wikidata.org/entity/Q27992	2026-07-08T11:44:14.709Z	0.9	["UNESCO Atlas of the World's Languages in Danger (via Wikidata P1999)","UNESCO Atlas language id 157"]
enf	critically endangered		Q30249597	http://www.wikidata.org/entity/Q30249597	2026-07-08T11:44:14.709Z	0.9	["UNESCO Atlas of the World's Languages in Danger (via Wikidata P1999)","UNESCO Atlas language id 472"]
enx	severely endangered		Q15462609	http://www.wikidata.org/entity/Q15462609	2026-07-08T11:44:14.709Z	0.9	["UNESCO Atlas of the World's Languages in Danger (via Wikidata P1999)"]
esu	vulnerable		Q21117	http://www.wikidata.org/entity/Q21117	2026-07-08T11:44:14.709Z	0.9	["UNESCO Atlas of the World's Languages in Danger (via Wikidata P1999)","UNESCO Atlas language id 691"]
eus	vulnerable		Q8752	http://www.wikidata.org/entity/Q8752	2026-07-08T11:44:14.709Z	0.9	["UNESCO Atlas of the World's Languages in Danger (via Wikidata P1999)","UNESCO Atlas language id 415"]
fij	safe		Q33295	http://www.wikidata.org/entity/Q33295	2026-07-08T11:44:14.709Z	0.9	["UNESCO Atlas of the World's Languages in Danger (via Wikidata P1999)"]
fin	safe		Q1412	http://www.wikidata.org/entity/Q1412	2026-07-08T11:44:14.709Z	0.9	["UNESCO Atlas of the World's Languages in Danger (via Wikidata P1999)"]
fla	critically endangered		Q3111983	http://www.wikidata.org/entity/Q3111983	2026-07-08T11:44:14.709Z	0.9	["UNESCO Atlas of the World's Languages in Danger (via Wikidata P1999)","UNESCO Atlas language id 960"]
fra	safe		Q150	http://www.wikidata.org/entity/Q150	2026-07-08T11:44:14.709Z	0.9	["UNESCO Atlas of the World's Languages in Danger (via Wikidata P1999)"]
ful	safe		Q33454	http://www.wikidata.org/entity/Q33454	2026-07-08T11:44:14.709Z	0.9	["UNESCO Atlas of the World's Languages in Danger (via Wikidata P1999)"]
gag	definitely endangered		Q33457	http://www.wikidata.org/entity/Q33457	2026-07-08T11:44:14.709Z	0.9	["UNESCO Atlas of the World's Languages in Danger (via Wikidata P1999)","UNESCO Atlas language id 389"]
gha	vulnerable		Q56747	http://www.wikidata.org/entity/Q56747	2026-07-08T11:44:14.709Z	0.9	["UNESCO Atlas of the World's Languages in Danger (via Wikidata P1999)","UNESCO Atlas language id 1290"]
gil	safe		Q30898	http://www.wikidata.org/entity/Q30898	2026-07-08T11:44:14.709Z	0.9	["UNESCO Atlas of the World's Languages in Danger (via Wikidata P1999)"]
git	severely endangered		Q3107862	http://www.wikidata.org/entity/Q3107862	2026-07-08T11:44:14.709Z	0.9	["UNESCO Atlas of the World's Languages in Danger (via Wikidata P1999)","UNESCO Atlas language id 266"]
gld	severely endangered		Q13303	http://www.wikidata.org/entity/Q13303	2026-07-08T11:44:14.709Z	0.9	["UNESCO Atlas of the World's Languages in Danger (via Wikidata P1999)","UNESCO Atlas language id 489"]
gle	definitely endangered		Q9142	http://www.wikidata.org/entity/Q9142	2026-07-08T11:44:14.709Z	0.9	["UNESCO Atlas of the World's Languages in Danger (via Wikidata P1999)","UNESCO Atlas language id 362"]
glv	critically endangered		Q12175	http://www.wikidata.org/entity/Q12175	2026-07-08T11:44:14.709Z	0.9	["UNESCO Atlas of the World's Languages in Danger (via Wikidata P1999)","UNESCO Atlas language id 387"]
gnk	vulnerable		Q1975199	http://www.wikidata.org/entity/Q1975199	2026-07-08T11:44:14.709Z	0.9	["UNESCO Atlas of the World's Languages in Danger (via Wikidata P1999)","UNESCO Atlas language id 1377"]
gon	vulnerable		Q1775361	http://www.wikidata.org/entity/Q1775361	2026-07-08T11:44:14.709Z	0.9	["UNESCO Atlas of the World's Languages in Danger (via Wikidata P1999)","UNESCO Atlas language id 1586"]
grn	safe		Q35876	http://www.wikidata.org/entity/Q35876	2026-07-08T11:44:14.709Z	0.9	["UNESCO Atlas of the World's Languages in Danger (via Wikidata P1999)"]
gta	critically endangered		Q3027940	http://www.wikidata.org/entity/Q3027940	2026-07-08T11:44:14.709Z	0.9	["UNESCO Atlas of the World's Languages in Danger (via Wikidata P1999)","UNESCO Atlas language id 600"]
gub	vulnerable		Q57420736	http://www.wikidata.org/entity/Q57420736	2026-07-08T11:44:14.709Z	0.9	["UNESCO Atlas of the World's Languages in Danger (via Wikidata P1999)","UNESCO Atlas language id 1666"]
guc	vulnerable		Q891085	http://www.wikidata.org/entity/Q891085	2026-07-08T11:44:14.709Z	0.9	["UNESCO Atlas of the World's Languages in Danger (via Wikidata P1999)","UNESCO Atlas language id 295"]
guf	vulnerable		Q10511004	http://www.wikidata.org/entity/Q10511004	2026-07-08T11:44:14.709Z	0.9	["UNESCO Atlas of the World's Languages in Danger (via Wikidata P1999)","UNESCO Atlas language id 187"]
gum	definitely endangered		Q2744745	http://www.wikidata.org/entity/Q2744745	2026-07-08T11:44:14.709Z	0.9	["UNESCO Atlas of the World's Languages in Danger (via Wikidata P1999)","UNESCO Atlas language id 599"]
guq	definitely endangered		Q383701	http://www.wikidata.org/entity/Q383701	2026-07-08T11:44:14.709Z	0.9	["UNESCO Atlas of the World's Languages in Danger (via Wikidata P1999)","UNESCO Atlas language id 2186"]
gut	severely endangered		Q3915782	http://www.wikidata.org/entity/Q3915782	2026-07-08T11:44:14.709Z	0.9	["UNESCO Atlas of the World's Languages in Danger (via Wikidata P1999)","UNESCO Atlas language id 1884"]
gvo	vulnerable		Q5528335	http://www.wikidata.org/entity/Q5528335	2026-07-08T11:44:14.709Z	0.9	["UNESCO Atlas of the World's Languages in Danger (via Wikidata P1999)","UNESCO Atlas language id 598"]
gwi	severely endangered		Q21057	http://www.wikidata.org/entity/Q21057	2026-07-08T11:44:14.709Z	0.9	["UNESCO Atlas of the World's Languages in Danger (via Wikidata P1999)","UNESCO Atlas language id 1458"]
gwj	vulnerable		Q12631978	http://www.wikidata.org/entity/Q12631978	2026-07-08T11:44:14.709Z	0.9	["UNESCO Atlas of the World's Languages in Danger (via Wikidata P1999)","UNESCO Atlas language id 1376"]
gym	vulnerable		Q3915581	http://www.wikidata.org/entity/Q3915581	2026-07-08T11:44:14.709Z	0.9	["UNESCO Atlas of the World's Languages in Danger (via Wikidata P1999)","UNESCO Atlas language id 1883"]
haa	critically endangered		Q28272	http://www.wikidata.org/entity/Q28272	2026-07-08T11:44:14.709Z	0.9	["UNESCO Atlas of the World's Languages in Danger (via Wikidata P1999)","UNESCO Atlas language id 2395"]
hau	safe		Q56475	http://www.wikidata.org/entity/Q56475	2026-07-08T11:44:14.709Z	0.9	["UNESCO Atlas of the World's Languages in Danger (via Wikidata P1999)"]
haw	critically endangered		Q33569	http://www.wikidata.org/entity/Q33569	2026-07-08T11:44:14.709Z	0.9	["UNESCO Atlas of the World's Languages in Danger (via Wikidata P1999)","UNESCO Atlas language id 712"]
hax	critically endangered		Q12953543	http://www.wikidata.org/entity/Q12953543	2026-07-08T11:44:14.709Z	0.9	["UNESCO Atlas of the World's Languages in Danger (via Wikidata P1999)","UNESCO Atlas language id 261"]
hch	vulnerable		Q35575	http://www.wikidata.org/entity/Q35575	2026-07-08T11:44:14.709Z	0.9	["UNESCO Atlas of the World's Languages in Danger (via Wikidata P1999)","UNESCO Atlas language id 1491"]
hdn	critically endangered		Q20054484	http://www.wikidata.org/entity/Q20054484	2026-07-08T11:44:14.709Z	0.9	["UNESCO Atlas of the World's Languages in Danger (via Wikidata P1999)","UNESCO Atlas language id 262"]
heb	safe		Q9288	http://www.wikidata.org/entity/Q9288	2026-07-08T11:44:14.709Z	0.9	["UNESCO Atlas of the World's Languages in Danger (via Wikidata P1999)"]
hei	critically endangered		Q5699507	http://www.wikidata.org/entity/Q5699507	2026-07-08T11:44:14.709Z	0.9	["UNESCO Atlas of the World's Languages in Danger (via Wikidata P1999)","UNESCO Atlas language id 257"]
hid	definitely endangered		Q3135234	http://www.wikidata.org/entity/Q3135234	2026-07-08T11:44:14.709Z	0.9	["UNESCO Atlas of the World's Languages in Danger (via Wikidata P1999)","UNESCO Atlas language id 882"]
hit	extinct		Q35668	http://www.wikidata.org/entity/Q35668	2026-07-08T11:44:14.709Z	0.9	["UNESCO Atlas of the World's Languages in Danger (via Wikidata P1999)"]
hix	vulnerable		Q56522	http://www.wikidata.org/entity/Q56522	2026-07-08T11:44:14.709Z	0.9	["UNESCO Atlas of the World's Languages in Danger (via Wikidata P1999)","UNESCO Atlas language id 1668"]
hnh	definitely endangered		Q3832982	http://www.wikidata.org/entity/Q3832982	2026-07-08T11:44:14.709Z	0.9	["UNESCO Atlas of the World's Languages in Danger (via Wikidata P1999)","UNESCO Atlas language id 1396"]
hoc	vulnerable		Q33270	http://www.wikidata.org/entity/Q33270	2026-07-08T11:44:14.709Z	0.9	["UNESCO Atlas of the World's Languages in Danger (via Wikidata P1999)","UNESCO Atlas language id 1212"]
hop	vulnerable		Q56421	http://www.wikidata.org/entity/Q56421	2026-07-08T11:44:14.709Z	0.9	["UNESCO Atlas of the World's Languages in Danger (via Wikidata P1999)","UNESCO Atlas language id 870"]
hub	vulnerable		Q1526037	http://www.wikidata.org/entity/Q1526037	2026-07-08T11:44:14.709Z	0.9	["UNESCO Atlas of the World's Languages in Danger (via Wikidata P1999)","UNESCO Atlas language id 735"]
hun	safe		Q9067	http://www.wikidata.org/entity/Q9067	2026-07-08T11:44:14.709Z	0.9	["UNESCO Atlas of the World's Languages in Danger (via Wikidata P1999)"]
hup	critically endangered		Q28058	http://www.wikidata.org/entity/Q28058	2026-07-08T11:44:14.709Z	0.9	["UNESCO Atlas of the World's Languages in Danger (via Wikidata P1999)","UNESCO Atlas language id 780"]
hur	severely endangered		Q35388	http://www.wikidata.org/entity/Q35388	2026-07-08T11:44:14.709Z	0.9	["UNESCO Atlas of the World's Languages in Danger (via Wikidata P1999)","UNESCO Atlas language id 258"]
huv	vulnerable		Q12954031	http://www.wikidata.org/entity/Q12954031	2026-07-08T11:44:14.709Z	0.9	["UNESCO Atlas of the World's Languages in Danger (via Wikidata P1999)","UNESCO Atlas language id 939"]
hve	definitely endangered		Q12953568	http://www.wikidata.org/entity/Q12953568	2026-07-08T11:44:14.709Z	0.9	["UNESCO Atlas of the World's Languages in Danger (via Wikidata P1999)","UNESCO Atlas language id 851"]
hye	safe		Q8785	http://www.wikidata.org/entity/Q8785	2026-07-08T11:44:14.709Z	0.9	["UNESCO Atlas of the World's Languages in Danger (via Wikidata P1999)"]
ibo	safe		Q33578	http://www.wikidata.org/entity/Q33578	2026-07-08T11:44:14.709Z	0.9	["UNESCO Atlas of the World's Languages in Danger (via Wikidata P1999)"]
inb	severely endangered		Q35491	http://www.wikidata.org/entity/Q35491	2026-07-08T11:44:14.709Z	0.9	["UNESCO Atlas of the World's Languages in Danger (via Wikidata P1999)","UNESCO Atlas language id 1853"]
ing	critically endangered		Q27782	http://www.wikidata.org/entity/Q27782	2026-07-08T11:44:14.709Z	0.9	["UNESCO Atlas of the World's Languages in Danger (via Wikidata P1999)","UNESCO Atlas language id 153"]
inh	vulnerable		Q33509	http://www.wikidata.org/entity/Q33509	2026-07-08T11:44:14.709Z	0.9	["UNESCO Atlas of the World's Languages in Danger (via Wikidata P1999)","UNESCO Atlas language id 1068"]
iow	extinct		Q56737	http://www.wikidata.org/entity/Q56737	2026-07-08T11:44:14.709Z	0.9	["UNESCO Atlas of the World's Languages in Danger (via Wikidata P1999)","UNESCO Atlas language id 888"]
iqu	critically endangered		Q2669184	http://www.wikidata.org/entity/Q2669184	2026-07-08T11:44:14.709Z	0.9	["UNESCO Atlas of the World's Languages in Danger (via Wikidata P1999)","UNESCO Atlas language id 727"]
isl	safe		Q294	http://www.wikidata.org/entity/Q294	2026-07-08T11:44:14.709Z	0.9	["UNESCO Atlas of the World's Languages in Danger (via Wikidata P1999)"]
ita	safe		Q652	http://www.wikidata.org/entity/Q652	2026-07-08T11:44:14.709Z	0.9	["UNESCO Atlas of the World's Languages in Danger (via Wikidata P1999)"]
itl	critically endangered		Q33624	http://www.wikidata.org/entity/Q33624	2026-07-08T11:44:14.709Z	0.9	["UNESCO Atlas of the World's Languages in Danger (via Wikidata P1999)","UNESCO Atlas language id 476"]
itz	critically endangered		Q35537	http://www.wikidata.org/entity/Q35537	2026-07-08T11:44:14.709Z	0.9	["UNESCO Atlas of the World's Languages in Danger (via Wikidata P1999)","UNESCO Atlas language id 1788"]
ixc	critically endangered		Q56706	http://www.wikidata.org/entity/Q56706	2026-07-08T11:44:14.709Z	0.9	["UNESCO Atlas of the World's Languages in Danger (via Wikidata P1999)","UNESCO Atlas language id 1265"]
ixl	vulnerable		Q35528	http://www.wikidata.org/entity/Q35528	2026-07-08T11:44:14.709Z	0.9	["UNESCO Atlas of the World's Languages in Danger (via Wikidata P1999)","UNESCO Atlas language id 1371"]
jac	definitely endangered		Q33393	http://www.wikidata.org/entity/Q33393	2026-07-08T11:44:14.709Z	0.9	["UNESCO Atlas of the World's Languages in Danger (via Wikidata P1999)","UNESCO Atlas language id 1800"]
jbt	severely endangered		Q2060023	http://www.wikidata.org/entity/Q2060023	2026-07-08T11:44:14.709Z	0.9	["UNESCO Atlas of the World's Languages in Danger (via Wikidata P1999)","UNESCO Atlas language id 1616"]
jiv	definitely endangered		Q617291	http://www.wikidata.org/entity/Q617291	2026-07-08T11:44:14.709Z	0.9	["UNESCO Atlas of the World's Languages in Danger (via Wikidata P1999)","UNESCO Atlas language id 759"]
jje	critically endangered		Q129648	http://www.wikidata.org/entity/Q129648	2026-07-08T11:44:14.709Z	0.9	["UNESCO Atlas of the World's Languages in Danger (via Wikidata P1999)","UNESCO Atlas language id 2724"]
jpn	safe		Q5287	http://www.wikidata.org/entity/Q5287	2026-07-08T11:44:14.709Z	0.9	["UNESCO Atlas of the World's Languages in Danger (via Wikidata P1999)"]
jur	vulnerable		Q4023175	http://www.wikidata.org/entity/Q4023175	2026-07-08T11:44:14.709Z	0.9	["UNESCO Atlas of the World's Languages in Danger (via Wikidata P1999)","UNESCO Atlas language id 1237"]
kab	safe		Q35853	http://www.wikidata.org/entity/Q35853	2026-07-08T11:44:14.709Z	0.9	["UNESCO Atlas of the World's Languages in Danger (via Wikidata P1999)"]
kal	vulnerable		Q25355	http://www.wikidata.org/entity/Q25355	2026-07-08T11:44:14.709Z	0.9	["UNESCO Atlas of the World's Languages in Danger (via Wikidata P1999)","UNESCO Atlas language id 687"]
kan	safe		Q33673	http://www.wikidata.org/entity/Q33673	2026-07-08T11:44:14.709Z	0.9	["UNESCO Atlas of the World's Languages in Danger (via Wikidata P1999)"]
kaq	severely endangered		Q2937196	http://www.wikidata.org/entity/Q2937196	2026-07-08T11:44:14.709Z	0.9	["UNESCO Atlas of the World's Languages in Danger (via Wikidata P1999)","UNESCO Atlas language id 746"]
kat	safe		Q8108	http://www.wikidata.org/entity/Q8108	2026-07-08T11:44:14.709Z	0.9	["UNESCO Atlas of the World's Languages in Danger (via Wikidata P1999)"]
kay	vulnerable		Q3192336	http://www.wikidata.org/entity/Q3192336	2026-07-08T11:44:14.709Z	0.9	["UNESCO Atlas of the World's Languages in Danger (via Wikidata P1999)","UNESCO Atlas language id 1510"]
kaz	safe		Q9252	http://www.wikidata.org/entity/Q9252	2026-07-08T11:44:14.709Z	0.9	["UNESCO Atlas of the World's Languages in Danger (via Wikidata P1999)"]
kbd	vulnerable		Q33522	http://www.wikidata.org/entity/Q33522	2026-07-08T11:44:14.709Z	0.9	["UNESCO Atlas of the World's Languages in Danger (via Wikidata P1999)","UNESCO Atlas language id 1065"]
kcy	severely endangered		Q33427	http://www.wikidata.org/entity/Q33427	2026-07-08T11:44:14.709Z	0.9	["UNESCO Atlas of the World's Languages in Danger (via Wikidata P1999)","UNESCO Atlas language id 2183"]
kdd	definitely endangered		Q34207	http://www.wikidata.org/entity/Q34207	2026-07-08T11:44:14.709Z	0.9	["UNESCO Atlas of the World's Languages in Danger (via Wikidata P1999)","UNESCO Atlas language id 2084"]
kdt	severely endangered		Q56310	http://www.wikidata.org/entity/Q56310	2026-07-08T11:44:14.709Z	0.9	["UNESCO Atlas of the World's Languages in Danger (via Wikidata P1999)","UNESCO Atlas language id 2463"]
kee	definitely endangered		Q15649021	http://www.wikidata.org/entity/Q15649021	2026-07-08T11:44:14.709Z	0.9	["UNESCO Atlas of the World's Languages in Danger (via Wikidata P1999)","UNESCO Atlas language id 879"]
kek	vulnerable		Q35536	http://www.wikidata.org/entity/Q35536	2026-07-08T11:44:14.709Z	0.9	["UNESCO Atlas of the World's Languages in Danger (via Wikidata P1999)","UNESCO Atlas language id 1751"]
kfq	vulnerable		Q33715	http://www.wikidata.org/entity/Q33715	2026-07-08T11:44:14.709Z	0.9	["UNESCO Atlas of the World's Languages in Danger (via Wikidata P1999)","UNESCO Atlas language id 1210"]
kfx	definitely endangered		Q6443148	http://www.wikidata.org/entity/Q6443148	2026-07-08T11:44:14.709Z	0.9	["UNESCO Atlas of the World's Languages in Danger (via Wikidata P1999)","UNESCO Atlas language id 1557"]
kgg	critically endangered		Q33630	http://www.wikidata.org/entity/Q33630	2026-07-08T11:44:14.709Z	0.9	["UNESCO Atlas of the World's Languages in Danger (via Wikidata P1999)","UNESCO Atlas language id 1259"]
kgp	definitely endangered		Q2665734	http://www.wikidata.org/entity/Q2665734	2026-07-08T11:44:14.709Z	0.9	["UNESCO Atlas of the World's Languages in Danger (via Wikidata P1999)","UNESCO Atlas language id 617"]
kgs	critically endangered		Q3915412	http://www.wikidata.org/entity/Q3915412	2026-07-08T11:44:14.709Z	0.9	["UNESCO Atlas of the World's Languages in Danger (via Wikidata P1999)","UNESCO Atlas language id 2076"]
kha	vulnerable		Q33584	http://www.wikidata.org/entity/Q33584	2026-07-08T11:44:14.709Z	0.9	["UNESCO Atlas of the World's Languages in Danger (via Wikidata P1999)","UNESCO Atlas language id 1231"]
khm	safe		Q9205	http://www.wikidata.org/entity/Q9205	2026-07-08T11:44:14.709Z	0.9	["UNESCO Atlas of the World's Languages in Danger (via Wikidata P1999)"]
khr	vulnerable		Q3915562	http://www.wikidata.org/entity/Q3915562	2026-07-08T11:44:14.709Z	0.9	["UNESCO Atlas of the World's Languages in Danger (via Wikidata P1999)","UNESCO Atlas language id 1204"]
khv	definitely endangered		Q56425	http://www.wikidata.org/entity/Q56425	2026-07-08T11:44:14.709Z	0.9	["UNESCO Atlas of the World's Languages in Danger (via Wikidata P1999)","UNESCO Atlas language id 1049"]
kic	severely endangered		Q20162127	http://www.wikidata.org/entity/Q20162127	2026-07-08T11:44:14.709Z	0.9	["UNESCO Atlas of the World's Languages in Danger (via Wikidata P1999)","UNESCO Atlas language id 1081"]
kio	severely endangered		Q56631	http://www.wikidata.org/entity/Q56631	2026-07-08T11:44:14.709Z	0.9	["UNESCO Atlas of the World's Languages in Danger (via Wikidata P1999)","UNESCO Atlas language id 873"]
kir	safe		Q9255	http://www.wikidata.org/entity/Q9255	2026-07-08T11:44:14.709Z	0.9	["UNESCO Atlas of the World's Languages in Danger (via Wikidata P1999)"]
kjb	vulnerable		Q35551	http://www.wikidata.org/entity/Q35551	2026-07-08T11:44:14.709Z	0.9	["UNESCO Atlas of the World's Languages in Danger (via Wikidata P1999)","UNESCO Atlas language id 1826"]
kjh	definitely endangered		Q33575	http://www.wikidata.org/entity/Q33575	2026-07-08T11:44:14.709Z	0.9	["UNESCO Atlas of the World's Languages in Danger (via Wikidata P1999)","UNESCO Atlas language id 481"]
kjq	definitely endangered		Q12645568	http://www.wikidata.org/entity/Q12645568	2026-07-08T11:44:14.709Z	0.9	["UNESCO Atlas of the World's Languages in Danger (via Wikidata P1999)","UNESCO Atlas language id 878"]
kju	critically endangered		Q3193689	http://www.wikidata.org/entity/Q3193689	2026-07-08T11:44:14.709Z	0.9	["UNESCO Atlas of the World's Languages in Danger (via Wikidata P1999)","UNESCO Atlas language id 837"]
kky	vulnerable		Q56543	http://www.wikidata.org/entity/Q56543	2026-07-08T11:44:14.709Z	0.9	["UNESCO Atlas of the World's Languages in Danger (via Wikidata P1999)","UNESCO Atlas language id 184"]
kkz	severely endangered		Q20823	http://www.wikidata.org/entity/Q20823	2026-07-08T11:44:14.709Z	0.9	["UNESCO Atlas of the World's Languages in Danger (via Wikidata P1999)","UNESCO Atlas language id 155"]
kla	extinct		Q2669248	http://www.wikidata.org/entity/Q2669248	2026-07-08T11:44:14.709Z	0.9	["UNESCO Atlas of the World's Languages in Danger (via Wikidata P1999)","UNESCO Atlas language id 822"]
kld	critically endangered		Q3111818	http://www.wikidata.org/entity/Q3111818	2026-07-08T11:44:14.709Z	0.9	["UNESCO Atlas of the World's Languages in Danger (via Wikidata P1999)","UNESCO Atlas language id 2077"]
klj	vulnerable		Q33455	http://www.wikidata.org/entity/Q33455	2026-07-08T11:44:14.709Z	0.9	["UNESCO Atlas of the World's Languages in Danger (via Wikidata P1999)","UNESCO Atlas language id 1804"]
knj	vulnerable		Q34923	http://www.wikidata.org/entity/Q34923	2026-07-08T11:44:14.709Z	0.9	["UNESCO Atlas of the World's Languages in Danger (via Wikidata P1999)","UNESCO Atlas language id 1357"]
knt	severely endangered		Q3194265	http://www.wikidata.org/entity/Q3194265	2026-07-08T11:44:14.709Z	0.9	["UNESCO Atlas of the World's Languages in Danger (via Wikidata P1999)","UNESCO Atlas language id 616"]
kog	vulnerable		Q3198286	http://www.wikidata.org/entity/Q3198286	2026-07-08T11:44:14.709Z	0.9	["UNESCO Atlas of the World's Languages in Danger (via Wikidata P1999)","UNESCO Atlas language id 291"]
koi	definitely endangered		Q56318	http://www.wikidata.org/entity/Q56318	2026-07-08T11:44:14.709Z	0.9	["UNESCO Atlas of the World's Languages in Danger (via Wikidata P1999)","UNESCO Atlas language id 397"]
kor	safe		Q9176	http://www.wikidata.org/entity/Q9176	2026-07-08T11:44:14.709Z	0.9	["UNESCO Atlas of the World's Languages in Danger (via Wikidata P1999)"]
koy	critically endangered		Q28304	http://www.wikidata.org/entity/Q28304	2026-07-08T11:44:14.709Z	0.9	["UNESCO Atlas of the World's Languages in Danger (via Wikidata P1999)","UNESCO Atlas language id 154"]
kpc	vulnerable		Q2882543	http://www.wikidata.org/entity/Q2882543	2026-07-08T11:44:14.709Z	0.9	["UNESCO Atlas of the World's Languages in Danger (via Wikidata P1999)","UNESCO Atlas language id 300"]
kqq	critically endangered		Q6436747	http://www.wikidata.org/entity/Q6436747	2026-07-08T11:44:14.709Z	0.9	["UNESCO Atlas of the World's Languages in Danger (via Wikidata P1999)","UNESCO Atlas language id 1880"]
kqz	critically endangered		Q2756709	http://www.wikidata.org/entity/Q2756709	2026-07-08T11:44:14.709Z	0.9	["UNESCO Atlas of the World's Languages in Danger (via Wikidata P1999)","UNESCO Atlas language id 133"]
krc	vulnerable		Q33714	http://www.wikidata.org/entity/Q33714	2026-07-08T11:44:14.709Z	0.9	["UNESCO Atlas of the World's Languages in Danger (via Wikidata P1999)","UNESCO Atlas language id 1075"]
kre	vulnerable		Q3361895	http://www.wikidata.org/entity/Q3361895	2026-07-08T11:44:14.709Z	0.9	["UNESCO Atlas of the World's Languages in Danger (via Wikidata P1999)","UNESCO Atlas language id 642"]
krl	definitely endangered		Q33557	http://www.wikidata.org/entity/Q33557	2026-07-08T11:44:14.709Z	0.9	["UNESCO Atlas of the World's Languages in Danger (via Wikidata P1999)","UNESCO Atlas language id 1518"]
ksk	extinct		Q3192772	http://www.wikidata.org/entity/Q3192772	2026-07-08T11:44:14.709Z	0.9	["UNESCO Atlas of the World's Languages in Danger (via Wikidata P1999)","UNESCO Atlas language id 1548"]
ktn	vulnerable		Q3112184	http://www.wikidata.org/entity/Q3112184	2026-07-08T11:44:14.709Z	0.9	["UNESCO Atlas of the World's Languages in Danger (via Wikidata P1999)","UNESCO Atlas language id 614"]
ktx	critically endangered		Q6380124	http://www.wikidata.org/entity/Q6380124	2026-07-08T11:44:14.709Z	0.9	["UNESCO Atlas of the World's Languages in Danger (via Wikidata P1999)","UNESCO Atlas language id 1618"]
kum	vulnerable		Q36209	http://www.wikidata.org/entity/Q36209	2026-07-08T11:44:14.709Z	0.9	["UNESCO Atlas of the World's Languages in Danger (via Wikidata P1999)","UNESCO Atlas language id 1074"]
kuu	critically endangered		Q28062	http://www.wikidata.org/entity/Q28062	2026-07-08T11:44:14.709Z	0.9	["UNESCO Atlas of the World's Languages in Danger (via Wikidata P1999)","UNESCO Atlas language id 776"]
kwk	critically endangered		Q2640628	http://www.wikidata.org/entity/Q2640628	2026-07-08T11:44:14.709Z	0.9	["UNESCO Atlas of the World's Languages in Danger (via Wikidata P1999)","UNESCO Atlas language id 141"]
kwz	extinct		Q2364661	http://www.wikidata.org/entity/Q2364661	2026-07-08T11:44:14.709Z	0.9	["UNESCO Atlas of the World's Languages in Danger (via Wikidata P1999)","UNESCO Atlas language id 124"]
kxv	definitely endangered		Q3200721	http://www.wikidata.org/entity/Q3200721	2026-07-08T11:44:14.709Z	0.9	["UNESCO Atlas of the World's Languages in Danger (via Wikidata P1999)","UNESCO Atlas language id 1578"]
kyh	severely endangered		Q1288440	http://www.wikidata.org/entity/Q1288440	2026-07-08T11:44:14.709Z	0.9	["UNESCO Atlas of the World's Languages in Danger (via Wikidata P1999)","UNESCO Atlas language id 826"]
lac	critically endangered		Q35766	http://www.wikidata.org/entity/Q35766	2026-07-08T11:44:14.709Z	0.9	["UNESCO Atlas of the World's Languages in Danger (via Wikidata P1999)","UNESCO Atlas language id 1355"]
lav	safe		Q9078	http://www.wikidata.org/entity/Q9078	2026-07-08T11:44:14.709Z	0.9	["UNESCO Atlas of the World's Languages in Danger (via Wikidata P1999)"]
lbe	vulnerable		Q36206	http://www.wikidata.org/entity/Q36206	2026-07-08T11:44:14.709Z	0.9	["UNESCO Atlas of the World's Languages in Danger (via Wikidata P1999)","UNESCO Atlas language id 1071"]
lbj	vulnerable		Q35833	http://www.wikidata.org/entity/Q35833	2026-07-08T11:44:14.709Z	0.9	["UNESCO Atlas of the World's Languages in Danger (via Wikidata P1999)","UNESCO Atlas language id 1179"]
len	extinct		Q36189	http://www.wikidata.org/entity/Q36189	2026-07-08T11:44:14.709Z	0.9	["UNESCO Atlas of the World's Languages in Danger (via Wikidata P1999)","UNESCO Atlas language id 301"]
lez	vulnerable		Q31746	http://www.wikidata.org/entity/Q31746	2026-07-08T11:44:14.709Z	0.9	["UNESCO Atlas of the World's Languages in Danger (via Wikidata P1999)","UNESCO Atlas language id 1072"]
lil	severely endangered		Q34154	http://www.wikidata.org/entity/Q34154	2026-07-08T11:44:14.709Z	0.9	["UNESCO Atlas of the World's Languages in Danger (via Wikidata P1999)","UNESCO Atlas language id 138"]
lit	safe		Q9083	http://www.wikidata.org/entity/Q9083	2026-07-08T11:44:14.709Z	0.9	["UNESCO Atlas of the World's Languages in Danger (via Wikidata P1999)"]
liv	critically endangered		Q33698	http://www.wikidata.org/entity/Q33698	2026-07-08T11:44:14.709Z	0.9	["UNESCO Atlas of the World's Languages in Danger (via Wikidata P1999)"]
lkt	critically endangered		Q33537	http://www.wikidata.org/entity/Q33537	2026-07-08T11:44:14.709Z	0.9	["UNESCO Atlas of the World's Languages in Danger (via Wikidata P1999)","UNESCO Atlas language id 140"]
lui	critically endangered		Q56236	http://www.wikidata.org/entity/Q56236	2026-07-08T11:44:14.709Z	0.9	["UNESCO Atlas of the World's Languages in Danger (via Wikidata P1999)","UNESCO Atlas language id 869"]
lut	critically endangered		Q33658	http://www.wikidata.org/entity/Q33658	2026-07-08T11:44:14.709Z	0.9	["UNESCO Atlas of the World's Languages in Danger (via Wikidata P1999)","UNESCO Atlas language id 793"]
lzz	definitely endangered		Q1160372	http://www.wikidata.org/entity/Q1160372	2026-07-08T11:44:14.709Z	0.9	["UNESCO Atlas of the World's Languages in Danger (via Wikidata P1999)","UNESCO Atlas language id 1056"]
mam	vulnerable		Q33467	http://www.wikidata.org/entity/Q33467	2026-07-08T11:44:14.709Z	0.9	["UNESCO Atlas of the World's Languages in Danger (via Wikidata P1999)","UNESCO Atlas language id 1369"]
mav	vulnerable		Q6794475	http://www.wikidata.org/entity/Q6794475	2026-07-08T11:44:14.709Z	0.9	["UNESCO Atlas of the World's Languages in Danger (via Wikidata P1999)","UNESCO Atlas language id 1763"]
mbl	vulnerable		Q3029682	http://www.wikidata.org/entity/Q3029682	2026-07-08T11:44:14.709Z	0.9	["UNESCO Atlas of the World's Languages in Danger (via Wikidata P1999)","UNESCO Atlas language id 628"]
mbp	definitely endangered		Q3012604	http://www.wikidata.org/entity/Q3012604	2026-07-08T11:44:14.709Z	0.9	["UNESCO Atlas of the World's Languages in Danger (via Wikidata P1999)","UNESCO Atlas language id 1910"]
mca	definitely endangered		Q3281043	http://www.wikidata.org/entity/Q3281043	2026-07-08T11:44:14.709Z	0.9	["UNESCO Atlas of the World's Languages in Danger (via Wikidata P1999)","UNESCO Atlas language id 623"]
mcb	definitely endangered		Q3915441	http://www.wikidata.org/entity/Q3915441	2026-07-08T11:44:14.709Z	0.9	["UNESCO Atlas of the World's Languages in Danger (via Wikidata P1999)","UNESCO Atlas language id 731"]
mcd	severely endangered		Q12953881	http://www.wikidata.org/entity/Q12953881	2026-07-08T11:44:14.709Z	0.9	["UNESCO Atlas of the World's Languages in Danger (via Wikidata P1999)","UNESCO Atlas language id 750"]
mcf	vulnerable		Q2981620	http://www.wikidata.org/entity/Q2981620	2026-07-08T11:44:14.709Z	0.9	["UNESCO Atlas of the World's Languages in Danger (via Wikidata P1999)","UNESCO Atlas language id 745"]
mch	vulnerable		Q3082027	http://www.wikidata.org/entity/Q3082027	2026-07-08T11:44:14.709Z	0.9	["UNESCO Atlas of the World's Languages in Danger (via Wikidata P1999)","UNESCO Atlas language id 1979"]
mdf	definitely endangered		Q13343	http://www.wikidata.org/entity/Q13343	2026-07-08T11:44:14.709Z	0.9	["UNESCO Atlas of the World's Languages in Danger (via Wikidata P1999)","UNESCO Atlas language id 328"]
mez	critically endangered		Q13363	http://www.wikidata.org/entity/Q13363	2026-07-08T11:44:14.709Z	0.9	["UNESCO Atlas of the World's Languages in Danger (via Wikidata P1999)","UNESCO Atlas language id 766"]
mhq	critically endangered		Q1957120	http://www.wikidata.org/entity/Q1957120	2026-07-08T11:44:14.709Z	0.9	["UNESCO Atlas of the World's Languages in Danger (via Wikidata P1999)","UNESCO Atlas language id 884"]
mhr	definitely endangered		Q3906614	http://www.wikidata.org/entity/Q3906614	2026-07-08T11:44:14.709Z	0.9	["UNESCO Atlas of the World's Languages in Danger (via Wikidata P1999)","UNESCO Atlas language id 347"]
mia	extinct		Q56523	http://www.wikidata.org/entity/Q56523	2026-07-08T11:44:14.709Z	0.9	["UNESCO Atlas of the World's Languages in Danger (via Wikidata P1999)","UNESCO Atlas language id 771"]
mic	vulnerable		Q13321	http://www.wikidata.org/entity/Q13321	2026-07-08T11:44:14.709Z	0.9	["UNESCO Atlas of the World's Languages in Danger (via Wikidata P1999)","UNESCO Atlas language id 1317"]
mik	vulnerable		Q13316	http://www.wikidata.org/entity/Q13316	2026-07-08T11:44:14.709Z	0.9	["UNESCO Atlas of the World's Languages in Danger (via Wikidata P1999)","UNESCO Atlas language id 1543"]
miq	vulnerable		Q1516803	http://www.wikidata.org/entity/Q1516803	2026-07-08T11:44:14.709Z	0.9	["UNESCO Atlas of the World's Languages in Danger (via Wikidata P1999)","UNESCO Atlas language id 1862"]
mir	vulnerable		Q6088873	http://www.wikidata.org/entity/Q6088873	2026-07-08T11:44:14.709Z	0.9	["UNESCO Atlas of the World's Languages in Danger (via Wikidata P1999)","UNESCO Atlas language id 905"]
mjd	critically endangered		Q3198700	http://www.wikidata.org/entity/Q3198700	2026-07-08T11:44:14.709Z	0.9	["UNESCO Atlas of the World's Languages in Danger (via Wikidata P1999)","UNESCO Atlas language id 812"]
mlt	safe		Q9166	http://www.wikidata.org/entity/Q9166	2026-07-08T11:44:14.709Z	0.9	["UNESCO Atlas of the World's Languages in Danger (via Wikidata P1999)"]
mmh	vulnerable		Q3501838	http://www.wikidata.org/entity/Q3501838	2026-07-08T11:44:14.709Z	0.9	["UNESCO Atlas of the World's Languages in Danger (via Wikidata P1999)","UNESCO Atlas language id 1508"]
mnc	critically endangered		Q33638	http://www.wikidata.org/entity/Q33638	2026-07-08T11:44:14.709Z	0.9	["UNESCO Atlas of the World's Languages in Danger (via Wikidata P1999)","UNESCO Atlas language id 453"]
mni	vulnerable		Q33868	http://www.wikidata.org/entity/Q33868	2026-07-08T11:44:14.709Z	0.9	["UNESCO Atlas of the World's Languages in Danger (via Wikidata P1999)","UNESCO Atlas language id 1227"]
mnr	critically endangered		Q33591	http://www.wikidata.org/entity/Q33591	2026-07-08T11:44:14.709Z	0.9	["UNESCO Atlas of the World's Languages in Danger (via Wikidata P1999)","UNESCO Atlas language id 858"]
mnw	vulnerable		Q13349	http://www.wikidata.org/entity/Q13349	2026-07-08T11:44:14.709Z	0.9	["UNESCO Atlas of the World's Languages in Danger (via Wikidata P1999)","UNESCO Atlas language id 2222"]
moc	definitely endangered		Q3027906	http://www.wikidata.org/entity/Q3027906	2026-07-08T11:44:14.709Z	0.9	["UNESCO Atlas of the World's Languages in Danger (via Wikidata P1999)","UNESCO Atlas language id 632"]
moe	vulnerable		Q13351	http://www.wikidata.org/entity/Q13351	2026-07-08T11:44:14.709Z	0.9	["UNESCO Atlas of the World's Languages in Danger (via Wikidata P1999)","UNESCO Atlas language id 267"]
moh	definitely endangered		Q13339	http://www.wikidata.org/entity/Q13339	2026-07-08T11:44:14.709Z	0.9	["UNESCO Atlas of the World's Languages in Danger (via Wikidata P1999)","UNESCO Atlas language id 1243"]
mom	critically endangered		Q56542	http://www.wikidata.org/entity/Q56542	2026-07-08T11:44:14.709Z	0.9	["UNESCO Atlas of the World's Languages in Danger (via Wikidata P1999)","UNESCO Atlas language id 1876"]
mop	severely endangered		Q36183	http://www.wikidata.org/entity/Q36183	2026-07-08T11:44:14.709Z	0.9	["UNESCO Atlas of the World's Languages in Danger (via Wikidata P1999)","UNESCO Atlas language id 1823"]
mos	safe		Q36096	http://www.wikidata.org/entity/Q36096	2026-07-08T11:44:14.709Z	0.9	["UNESCO Atlas of the World's Languages in Danger (via Wikidata P1999)"]
mot	vulnerable		Q2886281	http://www.wikidata.org/entity/Q2886281	2026-07-08T11:44:14.709Z	0.9	["UNESCO Atlas of the World's Languages in Danger (via Wikidata P1999)","UNESCO Atlas language id 288"]
mpj	vulnerable		Q3295916	http://www.wikidata.org/entity/Q3295916	2026-07-08T11:44:14.709Z	0.9	["UNESCO Atlas of the World's Languages in Danger (via Wikidata P1999)","UNESCO Atlas language id 2070"]
mpq	vulnerable		Q3299145	http://www.wikidata.org/entity/Q3299145	2026-07-08T11:44:14.709Z	0.9	["UNESCO Atlas of the World's Languages in Danger (via Wikidata P1999)","UNESCO Atlas language id 1810"]
mrc	severely endangered		Q56386	http://www.wikidata.org/entity/Q56386	2026-07-08T11:44:14.709Z	0.9	["UNESCO Atlas of the World's Languages in Danger (via Wikidata P1999)","UNESCO Atlas language id 843"]
mri	vulnerable		Q36451	http://www.wikidata.org/entity/Q36451	2026-07-08T11:44:14.709Z	0.9	["UNESCO Atlas of the World's Languages in Danger (via Wikidata P1999)","UNESCO Atlas language id 702"]
mrj	severely endangered		Q1776032	http://www.wikidata.org/entity/Q1776032	2026-07-08T11:44:14.709Z	0.9	["UNESCO Atlas of the World's Languages in Danger (via Wikidata P1999)","UNESCO Atlas language id 427"]
mus	definitely endangered		Q523014	http://www.wikidata.org/entity/Q523014	2026-07-08T11:44:14.709Z	0.9	["UNESCO Atlas of the World's Languages in Danger (via Wikidata P1999)","UNESCO Atlas language id 900"]
mvi	definitely endangered		Q36218	http://www.wikidata.org/entity/Q36218	2026-07-08T11:44:14.709Z	0.9	["UNESCO Atlas of the World's Languages in Danger (via Wikidata P1999)","UNESCO Atlas language id 1973"]
mya	safe		Q9228	http://www.wikidata.org/entity/Q9228	2026-07-08T11:44:14.709Z	0.9	["UNESCO Atlas of the World's Languages in Danger (via Wikidata P1999)"]
myh	critically endangered		Q3280640	http://www.wikidata.org/entity/Q3280640	2026-07-08T11:44:14.709Z	0.9	["UNESCO Atlas of the World's Languages in Danger (via Wikidata P1999)","UNESCO Atlas language id 790"]
myu	vulnerable		Q746723	http://www.wikidata.org/entity/Q746723	2026-07-08T11:44:14.709Z	0.9	["UNESCO Atlas of the World's Languages in Danger (via Wikidata P1999)","UNESCO Atlas language id 1675"]
myv	definitely endangered		Q29952	http://www.wikidata.org/entity/Q29952	2026-07-08T11:44:14.709Z	0.9	["UNESCO Atlas of the World's Languages in Danger (via Wikidata P1999)","UNESCO Atlas language id 350"]
mzr	vulnerable		Q3296011	http://www.wikidata.org/entity/Q3296011	2026-07-08T11:44:14.709Z	0.9	["UNESCO Atlas of the World's Languages in Danger (via Wikidata P1999)","UNESCO Atlas language id 1809"]
nav	vulnerable		Q13310	http://www.wikidata.org/entity/Q13310	2026-07-08T11:44:14.709Z	0.9	["UNESCO Atlas of the World's Languages in Danger (via Wikidata P1999)","UNESCO Atlas language id 784"]
ncz	extinct		Q3111838	http://www.wikidata.org/entity/Q3111838	2026-07-08T11:44:14.709Z	0.9	["UNESCO Atlas of the World's Languages in Danger (via Wikidata P1999)","UNESCO Atlas language id 901"]
neg	critically endangered		Q33676	http://www.wikidata.org/entity/Q33676	2026-07-08T11:44:14.709Z	0.9	["UNESCO Atlas of the World's Languages in Danger (via Wikidata P1999)","UNESCO Atlas language id 490"]
new	definitely endangered		Q33979	http://www.wikidata.org/entity/Q33979	2026-07-08T11:44:14.709Z	0.9	["UNESCO Atlas of the World's Languages in Danger (via Wikidata P1999)","UNESCO Atlas language id 1117"]
nez	critically endangered		Q3339226	http://www.wikidata.org/entity/Q3339226	2026-07-08T11:44:14.709Z	0.9	["UNESCO Atlas of the World's Languages in Danger (via Wikidata P1999)","UNESCO Atlas language id 824"]
ngh	critically endangered		Q2618974	http://www.wikidata.org/entity/Q2618974	2026-07-08T11:44:14.709Z	0.9	["UNESCO Atlas of the World's Languages in Danger (via Wikidata P1999)","UNESCO Atlas language id 132"]
nhd	definitely endangered		Q2873230	http://www.wikidata.org/entity/Q2873230	2026-07-08T11:44:14.709Z	0.9	["UNESCO Atlas of the World's Languages in Danger (via Wikidata P1999)","UNESCO Atlas language id 1948"]
nio	severely endangered		Q36743	http://www.wikidata.org/entity/Q36743	2026-07-08T11:44:14.709Z	0.9	["UNESCO Atlas of the World's Languages in Danger (via Wikidata P1999)","UNESCO Atlas language id 491"]
niv	severely endangered		Q36464	http://www.wikidata.org/entity/Q36464	2026-07-08T11:44:14.709Z	0.9	["UNESCO Atlas of the World's Languages in Danger (via Wikidata P1999)","UNESCO Atlas language id 496"]
nll	critically endangered		Q33904	http://www.wikidata.org/entity/Q33904	2026-07-08T11:44:14.709Z	0.9	["UNESCO Atlas of the World's Languages in Danger (via Wikidata P1999)","UNESCO Atlas language id 1362"]
nmn	definitely endangered		Q13229	http://www.wikidata.org/entity/Q13229	2026-07-08T11:44:14.709Z	0.9	["UNESCO Atlas of the World's Languages in Danger (via Wikidata P1999)","UNESCO Atlas language id 1441"]
nmu	critically endangered		Q3278074	http://www.wikidata.org/entity/Q3278074	2026-07-08T11:44:14.709Z	0.9	["UNESCO Atlas of the World's Languages in Danger (via Wikidata P1999)","UNESCO Atlas language id 811"]
noa	severely endangered		Q3111873	http://www.wikidata.org/entity/Q3111873	2026-07-08T11:44:14.709Z	0.9	["UNESCO Atlas of the World's Languages in Danger (via Wikidata P1999)","UNESCO Atlas language id 1902"]
nok	extinct		Q3343396	http://www.wikidata.org/entity/Q3343396	2026-07-08T11:44:14.709Z	0.9	["UNESCO Atlas of the World's Languages in Danger (via Wikidata P1999)","UNESCO Atlas language id 958"]
nor	safe		Q9043	http://www.wikidata.org/entity/Q9043	2026-07-08T11:44:14.709Z	0.9	["UNESCO Atlas of the World's Languages in Danger (via Wikidata P1999)"]
not	severely endangered		Q3342992	http://www.wikidata.org/entity/Q3342992	2026-07-08T11:44:14.709Z	0.9	["UNESCO Atlas of the World's Languages in Danger (via Wikidata P1999)","UNESCO Atlas language id 748"]
noy	critically endangered		Q36321	http://www.wikidata.org/entity/Q36321	2026-07-08T11:44:14.709Z	0.9	["UNESCO Atlas of the World's Languages in Danger (via Wikidata P1999)","UNESCO Atlas language id 1652"]
nsk	vulnerable		Q1704302	http://www.wikidata.org/entity/Q1704302	2026-07-08T11:44:14.709Z	0.9	["UNESCO Atlas of the World's Languages in Danger (via Wikidata P1999)","UNESCO Atlas language id 2354"]
nsq	critically endangered		Q3344226	http://www.wikidata.org/entity/Q3344226	2026-07-08T11:44:14.709Z	0.9	["UNESCO Atlas of the World's Languages in Danger (via Wikidata P1999)","UNESCO Atlas language id 815"]
ntj	vulnerable		Q3915409	http://www.wikidata.org/entity/Q3915409	2026-07-08T11:44:14.709Z	0.9	["UNESCO Atlas of the World's Languages in Danger (via Wikidata P1999)","UNESCO Atlas language id 2078"]
nya	safe		Q33273	http://www.wikidata.org/entity/Q33273	2026-07-08T11:44:14.709Z	0.9	["UNESCO Atlas of the World's Languages in Danger (via Wikidata P1999)"]
nys	vulnerable		Q7049771	http://www.wikidata.org/entity/Q7049771	2026-07-08T11:44:14.709Z	0.9	["UNESCO Atlas of the World's Languages in Danger (via Wikidata P1999)"]
oaa	critically endangered		Q33928	http://www.wikidata.org/entity/Q33928	2026-07-08T11:44:14.709Z	0.9	["UNESCO Atlas of the World's Languages in Danger (via Wikidata P1999)","UNESCO Atlas language id 493"]
obt	extinct		Q3558112	http://www.wikidata.org/entity/Q3558112	2026-07-08T11:44:14.709Z	0.9	["UNESCO Atlas of the World's Languages in Danger (via Wikidata P1999)"]
oca	severely endangered		Q3182577	http://www.wikidata.org/entity/Q3182577	2026-07-08T11:44:14.709Z	0.9	["UNESCO Atlas of the World's Languages in Danger (via Wikidata P1999)","UNESCO Atlas language id 2054"]
oji	severely endangered		Q33875	http://www.wikidata.org/entity/Q33875	2026-07-08T11:44:14.709Z	0.9	["UNESCO Atlas of the World's Languages in Danger (via Wikidata P1999)","UNESCO Atlas language id 767"]
oka	definitely endangered		Q2984602	http://www.wikidata.org/entity/Q2984602	2026-07-08T11:44:14.709Z	0.9	["UNESCO Atlas of the World's Languages in Danger (via Wikidata P1999)","UNESCO Atlas language id 2367"]
olo	definitely endangered		Q36584	http://www.wikidata.org/entity/Q36584	2026-07-08T11:44:14.709Z	0.9	["UNESCO Atlas of the World's Languages in Danger (via Wikidata P1999)","UNESCO Atlas language id 396"]
oma	critically endangered		Q2917968	http://www.wikidata.org/entity/Q2917968	2026-07-08T11:44:14.709Z	0.9	["UNESCO Atlas of the World's Languages in Danger (via Wikidata P1999)","UNESCO Atlas language id 886"]
one	critically endangered		Q857858	http://www.wikidata.org/entity/Q857858	2026-07-08T11:44:14.709Z	0.9	["UNESCO Atlas of the World's Languages in Danger (via Wikidata P1999)","UNESCO Atlas language id 1535"]
ono	critically endangered		Q1077450	http://www.wikidata.org/entity/Q1077450	2026-07-08T11:44:14.709Z	0.9	["UNESCO Atlas of the World's Languages in Danger (via Wikidata P1999)","UNESCO Atlas language id 270"]
ood	definitely endangered		Q2393095	http://www.wikidata.org/entity/Q2393095	2026-07-08T11:44:14.709Z	0.9	["UNESCO Atlas of the World's Languages in Danger (via Wikidata P1999)","UNESCO Atlas language id 871"]
oon	critically endangered		Q2475551	http://www.wikidata.org/entity/Q2475551	2026-07-08T11:44:14.709Z	0.9	["UNESCO Atlas of the World's Languages in Danger (via Wikidata P1999)","UNESCO Atlas language id 2455"]
opy	critically endangered		Q3446691	http://www.wikidata.org/entity/Q3446691	2026-07-08T11:44:14.709Z	0.9	["UNESCO Atlas of the World's Languages in Danger (via Wikidata P1999)","UNESCO Atlas language id 637"]
ore	severely endangered		Q3355834	http://www.wikidata.org/entity/Q3355834	2026-07-08T11:44:14.709Z	0.9	["UNESCO Atlas of the World's Languages in Danger (via Wikidata P1999)","UNESCO Atlas language id 738"]
osa	critically endangered		Q2600085	http://www.wikidata.org/entity/Q2600085	2026-07-08T11:44:14.709Z	0.9	["UNESCO Atlas of the World's Languages in Danger (via Wikidata P1999)","UNESCO Atlas language id 887"]
otm	vulnerable		Q13581718	http://www.wikidata.org/entity/Q13581718	2026-07-08T11:44:14.709Z	0.9	["UNESCO Atlas of the World's Languages in Danger (via Wikidata P1999)","UNESCO Atlas language id 927"]
oym	vulnerable		Q7975842	http://www.wikidata.org/entity/Q7975842	2026-07-08T11:44:14.709Z	0.9	["UNESCO Atlas of the World's Languages in Danger (via Wikidata P1999)","UNESCO Atlas language id 1707"]
pab	definitely endangered		Q3504312	http://www.wikidata.org/entity/Q3504312	2026-07-08T11:44:14.709Z	0.9	["UNESCO Atlas of the World's Languages in Danger (via Wikidata P1999)","UNESCO Atlas language id 1814"]
paw	critically endangered		Q56751	http://www.wikidata.org/entity/Q56751	2026-07-08T11:44:14.709Z	0.9	["UNESCO Atlas of the World's Languages in Danger (via Wikidata P1999)","UNESCO Atlas language id 892"]
pay	severely endangered		Q4898889	http://www.wikidata.org/entity/Q4898889	2026-07-08T11:44:14.709Z	0.9	["UNESCO Atlas of the World's Languages in Danger (via Wikidata P1999)","UNESCO Atlas language id 1865"]
pbh	vulnerable		Q56610	http://www.wikidata.org/entity/Q56610	2026-07-08T11:44:14.709Z	0.9	["UNESCO Atlas of the World's Languages in Danger (via Wikidata P1999)","UNESCO Atlas language id 1967"]
pbs	vulnerable		Q3361763	http://www.wikidata.org/entity/Q3361763	2026-07-08T11:44:14.709Z	0.9	["UNESCO Atlas of the World's Languages in Danger (via Wikidata P1999)","UNESCO Atlas language id 925"]
pcp	critically endangered		Q2591165	http://www.wikidata.org/entity/Q2591165	2026-07-08T11:44:14.709Z	0.9	["UNESCO Atlas of the World's Languages in Danger (via Wikidata P1999)","UNESCO Atlas language id 1953"]
pef	extinct		Q3396018	http://www.wikidata.org/entity/Q3396018	2026-07-08T11:44:14.709Z	0.9	["UNESCO Atlas of the World's Languages in Danger (via Wikidata P1999)","UNESCO Atlas language id 831"]
pib	definitely endangered		Q3135432	http://www.wikidata.org/entity/Q3135432	2026-07-08T11:44:14.709Z	0.9	["UNESCO Atlas of the World's Languages in Danger (via Wikidata P1999)","UNESCO Atlas language id 732"]
pio	definitely endangered		Q3382208	http://www.wikidata.org/entity/Q3382208	2026-07-08T11:44:14.709Z	0.9	["UNESCO Atlas of the World's Languages in Danger (via Wikidata P1999)","UNESCO Atlas language id 308"]
piu	vulnerable		Q2591175	http://www.wikidata.org/entity/Q2591175	2026-07-08T11:44:14.709Z	0.9	["UNESCO Atlas of the World's Languages in Danger (via Wikidata P1999)","UNESCO Atlas language id 2082"]
pjt	vulnerable		Q2982063	http://www.wikidata.org/entity/Q2982063	2026-07-08T11:44:14.709Z	0.9	["UNESCO Atlas of the World's Languages in Danger (via Wikidata P1999)","UNESCO Atlas language id 2083"]
plg	vulnerable		Q2748259	http://www.wikidata.org/entity/Q2748259	2026-07-08T11:44:14.709Z	0.9	["UNESCO Atlas of the World's Languages in Danger (via Wikidata P1999)","UNESCO Atlas language id 646"]
plo	severely endangered		Q5908687	http://www.wikidata.org/entity/Q5908687	2026-07-08T11:44:14.709Z	0.9	["UNESCO Atlas of the World's Languages in Danger (via Wikidata P1999)","UNESCO Atlas language id 912"]
plu	vulnerable		Q3073448	http://www.wikidata.org/entity/Q3073448	2026-07-08T11:44:14.709Z	0.9	["UNESCO Atlas of the World's Languages in Danger (via Wikidata P1999)","UNESCO Atlas language id 2067"]
pno	extinct		Q3141869	http://www.wikidata.org/entity/Q3141869	2026-07-08T11:44:14.709Z	0.9	["UNESCO Atlas of the World's Languages in Danger (via Wikidata P1999)","UNESCO Atlas language id 962"]
pnu	definitely endangered		Q56325	http://www.wikidata.org/entity/Q56325	2026-07-08T11:44:14.709Z	0.9	["UNESCO Atlas of the World's Languages in Danger (via Wikidata P1999)","UNESCO Atlas language id 1496"]
poh	vulnerable		Q36414	http://www.wikidata.org/entity/Q36414	2026-07-08T11:44:14.709Z	0.9	["UNESCO Atlas of the World's Languages in Danger (via Wikidata P1999)","UNESCO Atlas language id 1825"]
poi	vulnerable		Q7511556	http://www.wikidata.org/entity/Q7511556	2026-07-08T11:44:14.709Z	0.9	["UNESCO Atlas of the World's Languages in Danger (via Wikidata P1999)","UNESCO Atlas language id 907"]
pol	safe		Q809	http://www.wikidata.org/entity/Q809	2026-07-08T11:44:14.709Z	0.9	["UNESCO Atlas of the World's Languages in Danger (via Wikidata P1999)"]
pom	extinct		Q3396025	http://www.wikidata.org/entity/Q3396025	2026-07-08T11:44:14.709Z	0.9	["UNESCO Atlas of the World's Languages in Danger (via Wikidata P1999)","UNESCO Atlas language id 832"]
poo	critically endangered		Q3396020	http://www.wikidata.org/entity/Q3396020	2026-07-08T11:44:14.709Z	0.9	["UNESCO Atlas of the World's Languages in Danger (via Wikidata P1999)","UNESCO Atlas language id 835"]
poq	severely endangered		Q5908707	http://www.wikidata.org/entity/Q5908707	2026-07-08T11:44:14.709Z	0.9	["UNESCO Atlas of the World's Languages in Danger (via Wikidata P1999)","UNESCO Atlas language id 911"]
por	safe		Q5146	http://www.wikidata.org/entity/Q5146	2026-07-08T11:44:14.709Z	0.9	["UNESCO Atlas of the World's Languages in Danger (via Wikidata P1999)"]
pot	critically endangered		Q56749	http://www.wikidata.org/entity/Q56749	2026-07-08T11:44:14.709Z	0.9	["UNESCO Atlas of the World's Languages in Danger (via Wikidata P1999)","UNESCO Atlas language id 1531"]
ppl	critically endangered		Q1186896	http://www.wikidata.org/entity/Q1186896	2026-07-08T11:44:14.709Z	0.9	["UNESCO Atlas of the World's Languages in Danger (via Wikidata P1999)","UNESCO Atlas language id 1860"]
pqm	severely endangered		Q3183144	http://www.wikidata.org/entity/Q3183144	2026-07-08T11:44:14.709Z	0.9	["UNESCO Atlas of the World's Languages in Danger (via Wikidata P1999)","UNESCO Atlas language id 772"]
pto	vulnerable		Q8073148	http://www.wikidata.org/entity/Q8073148	2026-07-08T11:44:14.709Z	0.9	["UNESCO Atlas of the World's Languages in Danger (via Wikidata P1999)","UNESCO Atlas language id 1705"]
pur	critically endangered		Q7261619	http://www.wikidata.org/entity/Q7261619	2026-07-08T11:44:14.709Z	0.9	["UNESCO Atlas of the World's Languages in Danger (via Wikidata P1999)","UNESCO Atlas language id 649"]
pwi	critically endangered		Q3370188	http://www.wikidata.org/entity/Q3370188	2026-07-08T11:44:14.709Z	0.9	["UNESCO Atlas of the World's Languages in Danger (via Wikidata P1999)","UNESCO Atlas language id 810"]
pyn	critically endangered		Q3401023	http://www.wikidata.org/entity/Q3401023	2026-07-08T11:44:14.709Z	0.9	["UNESCO Atlas of the World's Languages in Danger (via Wikidata P1999)","UNESCO Atlas language id 2069"]
qua	extinct		Q3412974	http://www.wikidata.org/entity/Q3412974	2026-07-08T11:44:14.709Z	0.9	["UNESCO Atlas of the World's Languages in Danger (via Wikidata P1999)","UNESCO Atlas language id 1549"]
quc	vulnerable		Q36494	http://www.wikidata.org/entity/Q36494	2026-07-08T11:44:14.709Z	0.9	["UNESCO Atlas of the World's Languages in Danger (via Wikidata P1999)","UNESCO Atlas language id 1803"]
qug	definitely endangered		Q12953845	http://www.wikidata.org/entity/Q12953845	2026-07-08T11:44:14.709Z	0.9	["UNESCO Atlas of the World's Languages in Danger (via Wikidata P1999)","UNESCO Atlas language id 1935"]
quh	vulnerable		Q1307730	http://www.wikidata.org/entity/Q1307730	2026-07-08T11:44:14.709Z	0.9	["UNESCO Atlas of the World's Languages in Danger (via Wikidata P1999)","UNESCO Atlas language id 1943"]
quk	critically endangered		Q35138	http://www.wikidata.org/entity/Q35138	2026-07-08T11:44:14.709Z	0.9	["UNESCO Atlas of the World's Languages in Danger (via Wikidata P1999)","UNESCO Atlas language id 996"]
qul	vulnerable		Q3409819	http://www.wikidata.org/entity/Q3409819	2026-07-08T11:44:14.709Z	0.9	["UNESCO Atlas of the World's Languages in Danger (via Wikidata P1999)","UNESCO Atlas language id 1944"]
qun	extinct		Q3414522	http://www.wikidata.org/entity/Q3414522	2026-07-08T11:44:14.709Z	0.9	["UNESCO Atlas of the World's Languages in Danger (via Wikidata P1999)","UNESCO Atlas language id 795"]
qus	definitely endangered		Q35168	http://www.wikidata.org/entity/Q35168	2026-07-08T11:44:14.709Z	0.9	["UNESCO Atlas of the World's Languages in Danger (via Wikidata P1999)","UNESCO Atlas language id 2303"]
qux	critically endangered		Q36964	http://www.wikidata.org/entity/Q36964	2026-07-08T11:44:14.709Z	0.9	["UNESCO Atlas of the World's Languages in Danger (via Wikidata P1999)","UNESCO Atlas language id 1946"]
quy	definitely endangered		Q35145	http://www.wikidata.org/entity/Q35145	2026-07-08T11:44:14.709Z	0.9	["UNESCO Atlas of the World's Languages in Danger (via Wikidata P1999)","UNESCO Atlas language id 989"]
quz	vulnerable		Q35147	http://www.wikidata.org/entity/Q35147	2026-07-08T11:44:14.709Z	0.9	["UNESCO Atlas of the World's Languages in Danger (via Wikidata P1999)","UNESCO Atlas language id 1013"]
qvc	severely endangered		Q35112	http://www.wikidata.org/entity/Q35112	2026-07-08T11:44:14.709Z	0.9	["UNESCO Atlas of the World's Languages in Danger (via Wikidata P1999)","UNESCO Atlas language id 1012"]
qvi	definitely endangered		Q25559701	http://www.wikidata.org/entity/Q25559701	2026-07-08T11:44:14.709Z	0.9	["UNESCO Atlas of the World's Languages in Danger (via Wikidata P1999)","UNESCO Atlas language id 1929"]
qvp	critically endangered		Q36331	http://www.wikidata.org/entity/Q36331	2026-07-08T11:44:14.709Z	0.9	["UNESCO Atlas of the World's Languages in Danger (via Wikidata P1999)","UNESCO Atlas language id 1945"]
rif	safe		Q34174	http://www.wikidata.org/entity/Q34174	2026-07-08T11:44:14.709Z	0.9	["UNESCO Atlas of the World's Languages in Danger (via Wikidata P1999)","UNESCO Atlas language id 699"]
rkb	severely endangered		Q2585357	http://www.wikidata.org/entity/Q2585357	2026-07-08T11:44:14.709Z	0.9	["UNESCO Atlas of the World's Languages in Danger (via Wikidata P1999)","UNESCO Atlas language id 1819"]
rma	critically endangered		Q3444486	http://www.wikidata.org/entity/Q3444486	2026-07-08T11:44:14.709Z	0.9	["UNESCO Atlas of the World's Languages in Danger (via Wikidata P1999)","UNESCO Atlas language id 1892"]
ron	safe		Q7913	http://www.wikidata.org/entity/Q7913	2026-07-08T11:44:14.709Z	0.9	["UNESCO Atlas of the World's Languages in Danger (via Wikidata P1999)"]
rus	safe		Q7737	http://www.wikidata.org/entity/Q7737	2026-07-08T11:44:14.709Z	0.9	["UNESCO Atlas of the World's Languages in Danger (via Wikidata P1999)"]
rut	definitely endangered		Q36757	http://www.wikidata.org/entity/Q36757	2026-07-08T11:44:14.709Z	0.9	["UNESCO Atlas of the World's Languages in Danger (via Wikidata P1999)","UNESCO Atlas language id 1036"]
rys	severely endangered		Q34203	http://www.wikidata.org/entity/Q34203	2026-07-08T11:44:14.709Z	0.9	["UNESCO Atlas of the World's Languages in Danger (via Wikidata P1999)","UNESCO Atlas language id 1971"]
ryu	definitely endangered		Q34233	http://www.wikidata.org/entity/Q34233	2026-07-08T11:44:14.709Z	0.9	["UNESCO Atlas of the World's Languages in Danger (via Wikidata P1999)","UNESCO Atlas language id 1976"]
sab	definitely endangered		Q3368506	http://www.wikidata.org/entity/Q3368506	2026-07-08T11:44:14.709Z	0.9	["UNESCO Atlas of the World's Languages in Danger (via Wikidata P1999)","UNESCO Atlas language id 1900"]
sac	critically endangered		Q1440172	http://www.wikidata.org/entity/Q1440172	2026-07-08T11:44:14.709Z	0.9	["UNESCO Atlas of the World's Languages in Danger (via Wikidata P1999)","UNESCO Atlas language id 768"]
sah	vulnerable		Q34299	http://www.wikidata.org/entity/Q34299	2026-07-08T11:44:14.709Z	0.9	["UNESCO Atlas of the World's Languages in Danger (via Wikidata P1999)","UNESCO Atlas language id 508"]
sat	vulnerable		Q33965	http://www.wikidata.org/entity/Q33965	2026-07-08T11:44:14.709Z	0.9	["UNESCO Atlas of the World's Languages in Danger (via Wikidata P1999)","UNESCO Atlas language id 1447"]
sea	severely endangered		Q3135426	http://www.wikidata.org/entity/Q3135426	2026-07-08T11:44:14.709Z	0.9	["UNESCO Atlas of the World's Languages in Danger (via Wikidata P1999)","UNESCO Atlas language id 2294"]
sec	critically endangered		Q7442898	http://www.wikidata.org/entity/Q7442898	2026-07-08T11:44:14.709Z	0.9	["UNESCO Atlas of the World's Languages in Danger (via Wikidata P1999)","UNESCO Atlas language id 2376"]
see	severely endangered		Q1185133	http://www.wikidata.org/entity/Q1185133	2026-07-08T11:44:14.709Z	0.9	["UNESCO Atlas of the World's Languages in Danger (via Wikidata P1999)","UNESCO Atlas language id 274"]
sei	vulnerable		Q36583	http://www.wikidata.org/entity/Q36583	2026-07-08T11:44:14.709Z	0.9	["UNESCO Atlas of the World's Languages in Danger (via Wikidata P1999)","UNESCO Atlas language id 1080"]
sek	critically endangered		Q28562	http://www.wikidata.org/entity/Q28562	2026-07-08T11:44:14.709Z	0.9	["UNESCO Atlas of the World's Languages in Danger (via Wikidata P1999)","UNESCO Atlas language id 2377"]
ser	extinct		Q3479942	http://www.wikidata.org/entity/Q3479942	2026-07-08T11:44:14.709Z	0.9	["UNESCO Atlas of the World's Languages in Danger (via Wikidata P1999)","UNESCO Atlas language id 866"]
shh	severely endangered		Q33811	http://www.wikidata.org/entity/Q33811	2026-07-08T11:44:14.709Z	0.9	["UNESCO Atlas of the World's Languages in Danger (via Wikidata P1999)","UNESCO Atlas language id 1469"]
shs	definitely endangered		Q3482685	http://www.wikidata.org/entity/Q3482685	2026-07-08T11:44:14.709Z	0.9	["UNESCO Atlas of the World's Languages in Danger (via Wikidata P1999)","UNESCO Atlas language id 2379"]
shx	critically endangered		Q2605689	http://www.wikidata.org/entity/Q2605689	2026-07-08T11:44:14.709Z	0.9	["UNESCO Atlas of the World's Languages in Danger (via Wikidata P1999)","UNESCO Atlas language id 2405"]
siz	definitely endangered		Q36814	http://www.wikidata.org/entity/Q36814	2026-07-08T11:44:14.709Z	0.9	["UNESCO Atlas of the World's Languages in Danger (via Wikidata P1999)","UNESCO Atlas language id 6"]
sjd	severely endangered		Q33656	http://www.wikidata.org/entity/Q33656	2026-07-08T11:44:14.709Z	0.9	["UNESCO Atlas of the World's Languages in Danger (via Wikidata P1999)","UNESCO Atlas language id 372"]
sjw	severely endangered		Q2669206	http://www.wikidata.org/entity/Q2669206	2026-07-08T11:44:14.709Z	0.9	["UNESCO Atlas of the World's Languages in Danger (via Wikidata P1999)","UNESCO Atlas language id 770"]
slk	safe		Q9058	http://www.wikidata.org/entity/Q9058	2026-07-08T11:44:14.709Z	0.9	["UNESCO Atlas of the World's Languages in Danger (via Wikidata P1999)"]
slr	vulnerable		Q33963	http://www.wikidata.org/entity/Q33963	2026-07-08T11:44:14.709Z	0.9	["UNESCO Atlas of the World's Languages in Danger (via Wikidata P1999)","UNESCO Atlas language id 1429"]
slv	safe		Q9063	http://www.wikidata.org/entity/Q9063	2026-07-08T11:44:14.709Z	0.9	["UNESCO Atlas of the World's Languages in Danger (via Wikidata P1999)"]
sma	severely endangered		Q13293	http://www.wikidata.org/entity/Q13293	2026-07-08T11:44:14.709Z	0.9	["UNESCO Atlas of the World's Languages in Danger (via Wikidata P1999)","UNESCO Atlas language id 414"]
sme	definitely endangered		Q33947	http://www.wikidata.org/entity/Q33947	2026-07-08T11:44:14.709Z	0.9	["UNESCO Atlas of the World's Languages in Danger (via Wikidata P1999)","UNESCO Atlas language id 393"]
smj	severely endangered		Q56322	http://www.wikidata.org/entity/Q56322	2026-07-08T11:44:14.709Z	0.9	["UNESCO Atlas of the World's Languages in Danger (via Wikidata P1999)","UNESCO Atlas language id 386"]
smn	severely endangered		Q33462	http://www.wikidata.org/entity/Q33462	2026-07-08T11:44:14.709Z	0.9	["UNESCO Atlas of the World's Languages in Danger (via Wikidata P1999)","UNESCO Atlas language id 359"]
smo	safe		Q34011	http://www.wikidata.org/entity/Q34011	2026-07-08T11:44:14.709Z	0.9	["UNESCO Atlas of the World's Languages in Danger (via Wikidata P1999)"]
sms	severely endangered		Q13271	http://www.wikidata.org/entity/Q13271	2026-07-08T11:44:14.709Z	0.9	["UNESCO Atlas of the World's Languages in Danger (via Wikidata P1999)","UNESCO Atlas language id 412"]
snn	definitely endangered		Q3485116	http://www.wikidata.org/entity/Q3485116	2026-07-08T11:44:14.709Z	0.9	["UNESCO Atlas of the World's Languages in Danger (via Wikidata P1999)"]
som	safe		Q13275	http://www.wikidata.org/entity/Q13275	2026-07-08T11:44:14.709Z	0.9	["UNESCO Atlas of the World's Languages in Danger (via Wikidata P1999)"]
spa	safe		Q1321	http://www.wikidata.org/entity/Q1321	2026-07-08T11:44:14.709Z	0.9	["UNESCO Atlas of the World's Languages in Danger (via Wikidata P1999)"]
spn	definitely endangered		Q3033556	http://www.wikidata.org/entity/Q3033556	2026-07-08T11:44:14.709Z	0.9	["UNESCO Atlas of the World's Languages in Danger (via Wikidata P1999)","UNESCO Atlas language id 2053"]
sqi	safe		Q8748	http://www.wikidata.org/entity/Q8748	2026-07-08T11:44:14.709Z	0.9	["UNESCO Atlas of the World's Languages in Danger (via Wikidata P1999)"]
squ	critically endangered		Q2484579	http://www.wikidata.org/entity/Q2484579	2026-07-08T11:44:14.709Z	0.9	["UNESCO Atlas of the World's Languages in Danger (via Wikidata P1999)","UNESCO Atlas language id 2383"]
srb	vulnerable		Q13284	http://www.wikidata.org/entity/Q13284	2026-07-08T11:44:14.709Z	0.9	["UNESCO Atlas of the World's Languages in Danger (via Wikidata P1999)","UNESCO Atlas language id 1205"]
srq	severely endangered		Q3027953	http://www.wikidata.org/entity/Q3027953	2026-07-08T11:44:14.709Z	0.9	["UNESCO Atlas of the World's Languages in Danger (via Wikidata P1999)","UNESCO Atlas language id 1914"]
srs	critically endangered		Q20825	http://www.wikidata.org/entity/Q20825	2026-07-08T11:44:14.709Z	0.9	["UNESCO Atlas of the World's Languages in Danger (via Wikidata P1999)","UNESCO Atlas language id 2374"]
sru	vulnerable		Q7646993	http://www.wikidata.org/entity/Q7646993	2026-07-08T11:44:14.709Z	0.9	["UNESCO Atlas of the World's Languages in Danger (via Wikidata P1999)","UNESCO Atlas language id 1622"]
sto	vulnerable		Q3033570	http://www.wikidata.org/entity/Q3033570	2026-07-08T11:44:14.709Z	0.9	["UNESCO Atlas of the World's Languages in Danger (via Wikidata P1999)","UNESCO Atlas language id 2384"]
str	critically endangered		Q36444	http://www.wikidata.org/entity/Q36444	2026-07-08T11:44:14.709Z	0.9	["UNESCO Atlas of the World's Languages in Danger (via Wikidata P1999)","UNESCO Atlas language id 2385"]
sum	severely endangered		Q971060	http://www.wikidata.org/entity/Q971060	2026-07-08T11:44:14.709Z	0.9	["UNESCO Atlas of the World's Languages in Danger (via Wikidata P1999)"]
suy	vulnerable		Q3505859	http://www.wikidata.org/entity/Q3505859	2026-07-08T11:44:14.709Z	0.9	["UNESCO Atlas of the World's Languages in Danger (via Wikidata P1999)","UNESCO Atlas language id 1238"]
sva	definitely endangered		Q34067	http://www.wikidata.org/entity/Q34067	2026-07-08T11:44:14.709Z	0.9	["UNESCO Atlas of the World's Languages in Danger (via Wikidata P1999)","UNESCO Atlas language id 1058"]
tab	vulnerable		Q34079	http://www.wikidata.org/entity/Q34079	2026-07-08T11:44:14.709Z	0.9	["UNESCO Atlas of the World's Languages in Danger (via Wikidata P1999)","UNESCO Atlas language id 1073"]
tao	vulnerable		Q715760	http://www.wikidata.org/entity/Q715760	2026-07-08T11:44:14.709Z	0.9	["UNESCO Atlas of the World's Languages in Danger (via Wikidata P1999)","UNESCO Atlas language id 2026"]
tat	safe		Q25285	http://www.wikidata.org/entity/Q25285	2026-07-08T11:44:14.709Z	0.9	["UNESCO Atlas of the World's Languages in Danger (via Wikidata P1999)"]
tav	definitely endangered		Q2524007	http://www.wikidata.org/entity/Q2524007	2026-07-08T11:44:14.709Z	0.9	["UNESCO Atlas of the World's Languages in Danger (via Wikidata P1999)","UNESCO Atlas language id 2012"]
tcy	vulnerable		Q34251	http://www.wikidata.org/entity/Q34251	2026-07-08T11:44:14.709Z	0.9	["UNESCO Atlas of the World's Languages in Danger (via Wikidata P1999)","UNESCO Atlas language id 1585"]
tdd	vulnerable		Q36556	http://www.wikidata.org/entity/Q36556	2026-07-08T11:44:14.709Z	0.9	["UNESCO Atlas of the World's Languages in Danger (via Wikidata P1999)","UNESCO Atlas language id 2237"]
tea	definitely endangered		Q3914693	http://www.wikidata.org/entity/Q3914693	2026-07-08T11:44:14.709Z	0.9	["UNESCO Atlas of the World's Languages in Danger (via Wikidata P1999)","UNESCO Atlas language id 2296"]
tel	safe		Q8097	http://www.wikidata.org/entity/Q8097	2026-07-08T11:44:14.709Z	0.9	["UNESCO Atlas of the World's Languages in Danger (via Wikidata P1999)"]
ter	severely endangered		Q3314742	http://www.wikidata.org/entity/Q3314742	2026-07-08T11:44:14.709Z	0.9	["UNESCO Atlas of the World's Languages in Danger (via Wikidata P1999)","UNESCO Atlas language id 1959"]
tfn	severely endangered		Q27785	http://www.wikidata.org/entity/Q27785	2026-07-08T11:44:14.709Z	0.9	["UNESCO Atlas of the World's Languages in Danger (via Wikidata P1999)","UNESCO Atlas language id 160"]
tfr	definitely endangered		Q36533	http://www.wikidata.org/entity/Q36533	2026-07-08T11:44:14.709Z	0.9	["UNESCO Atlas of the World's Languages in Danger (via Wikidata P1999)","UNESCO Atlas language id 1885"]
tha	safe		Q9217	http://www.wikidata.org/entity/Q9217	2026-07-08T11:44:14.709Z	0.9	["UNESCO Atlas of the World's Languages in Danger (via Wikidata P1999)"]
thd	definitely endangered		Q6448718	http://www.wikidata.org/entity/Q6448718	2026-07-08T11:44:14.709Z	0.9	["UNESCO Atlas of the World's Languages in Danger (via Wikidata P1999)","UNESCO Atlas language id 2080"]
thp	severely endangered		Q1755054	http://www.wikidata.org/entity/Q1755054	2026-07-08T11:44:14.709Z	0.9	["UNESCO Atlas of the World's Languages in Danger (via Wikidata P1999)","UNESCO Atlas language id 2388"]
tht	critically endangered		Q30125	http://www.wikidata.org/entity/Q30125	2026-07-08T11:44:14.709Z	0.9	["UNESCO Atlas of the World's Languages in Danger (via Wikidata P1999)","UNESCO Atlas language id 2387"]
thv	definitely endangered		Q56703	http://www.wikidata.org/entity/Q56703	2026-07-08T11:44:14.709Z	0.9	["UNESCO Atlas of the World's Languages in Danger (via Wikidata P1999)","UNESCO Atlas language id 1712"]
til	extinct		Q2109432	http://www.wikidata.org/entity/Q2109432	2026-07-08T11:44:14.709Z	0.9	["UNESCO Atlas of the World's Languages in Danger (via Wikidata P1999)","UNESCO Atlas language id 799"]
tiw	vulnerable		Q1656014	http://www.wikidata.org/entity/Q1656014	2026-07-08T11:44:14.709Z	0.9	["UNESCO Atlas of the World's Languages in Danger (via Wikidata P1999)","UNESCO Atlas language id 233"]
tix	definitely endangered		Q7570552	http://www.wikidata.org/entity/Q7570552	2026-07-08T11:44:14.709Z	0.9	["UNESCO Atlas of the World's Languages in Danger (via Wikidata P1999)","UNESCO Atlas language id 1538"]
tli	critically endangered		Q27792	http://www.wikidata.org/entity/Q27792	2026-07-08T11:44:14.709Z	0.9	["UNESCO Atlas of the World's Languages in Danger (via Wikidata P1999)","UNESCO Atlas language id 278"]
tmh	vulnerable		Q34065	http://www.wikidata.org/entity/Q34065	2026-07-08T11:44:14.709Z	0.9	["UNESCO Atlas of the World's Languages in Danger (via Wikidata P1999)"]
tnc	severely endangered		Q36535	http://www.wikidata.org/entity/Q36535	2026-07-08T11:44:14.709Z	0.9	["UNESCO Atlas of the World's Languages in Danger (via Wikidata P1999)","UNESCO Atlas language id 2011"]
tob	definitely endangered		Q3113756	http://www.wikidata.org/entity/Q3113756	2026-07-08T11:44:14.709Z	0.9	["UNESCO Atlas of the World's Languages in Danger (via Wikidata P1999)","UNESCO Atlas language id 659"]
tol	critically endangered		Q20827	http://www.wikidata.org/entity/Q20827	2026-07-08T11:44:14.709Z	0.9	["UNESCO Atlas of the World's Languages in Danger (via Wikidata P1999)","UNESCO Atlas language id 779"]
tow	vulnerable		Q3912876	http://www.wikidata.org/entity/Q3912876	2026-07-08T11:44:14.709Z	0.9	["UNESCO Atlas of the World's Languages in Danger (via Wikidata P1999)","UNESCO Atlas language id 874"]
tpj	severely endangered		Q3121063	http://www.wikidata.org/entity/Q3121063	2026-07-08T11:44:14.709Z	0.9	["UNESCO Atlas of the World's Languages in Danger (via Wikidata P1999)","UNESCO Atlas language id 1960"]
tpr	definitely endangered		Q3542217	http://www.wikidata.org/entity/Q3542217	2026-07-08T11:44:14.709Z	0.9	["UNESCO Atlas of the World's Languages in Danger (via Wikidata P1999)","UNESCO Atlas language id 1625"]
tsi	critically endangered		Q20085721	http://www.wikidata.org/entity/Q20085721	2026-07-08T11:44:14.709Z	0.9	["UNESCO Atlas of the World's Languages in Danger (via Wikidata P1999)","UNESCO Atlas language id 2390"]
tsz	vulnerable		Q36803	http://www.wikidata.org/entity/Q36803	2026-07-08T11:44:14.709Z	0.9	["UNESCO Atlas of the World's Languages in Danger (via Wikidata P1999)","UNESCO Atlas language id 904"]
tuk	safe		Q9267	http://www.wikidata.org/entity/Q9267	2026-07-08T11:44:14.709Z	0.9	["UNESCO Atlas of the World's Languages in Danger (via Wikidata P1999)"]
tun	extinct		Q56619	http://www.wikidata.org/entity/Q56619	2026-07-08T11:44:14.709Z	0.9	["UNESCO Atlas of the World's Languages in Danger (via Wikidata P1999)","UNESCO Atlas language id 1534"]
tuo	vulnerable		Q3541834	http://www.wikidata.org/entity/Q3541834	2026-07-08T11:44:14.709Z	0.9	["UNESCO Atlas of the World's Languages in Danger (via Wikidata P1999)","UNESCO Atlas language id 1852"]
tur	safe		Q256	http://www.wikidata.org/entity/Q256	2026-07-08T11:44:14.709Z	0.9	["UNESCO Atlas of the World's Languages in Danger (via Wikidata P1999)"]
tus	critically endangered		Q36944	http://www.wikidata.org/entity/Q36944	2026-07-08T11:44:14.709Z	0.9	["UNESCO Atlas of the World's Languages in Danger (via Wikidata P1999)","UNESCO Atlas language id 2391"]
twa	extinct		Q7857412	http://www.wikidata.org/entity/Q7857412	2026-07-08T11:44:14.709Z	0.9	["UNESCO Atlas of the World's Languages in Danger (via Wikidata P1999)","UNESCO Atlas language id 794"]
txi	vulnerable		Q9344891	http://www.wikidata.org/entity/Q9344891	2026-07-08T11:44:14.709Z	0.9	["UNESCO Atlas of the World's Languages in Danger (via Wikidata P1999)","UNESCO Atlas language id 1239"]
txu	vulnerable		Q3101212	http://www.wikidata.org/entity/Q3101212	2026-07-08T11:44:14.709Z	0.9	["UNESCO Atlas of the World's Languages in Danger (via Wikidata P1999)","UNESCO Atlas language id 1702"]
tyu	definitely endangered		Q3832933	http://www.wikidata.org/entity/Q3832933	2026-07-08T11:44:14.709Z	0.9	["UNESCO Atlas of the World's Languages in Danger (via Wikidata P1999)","UNESCO Atlas language id 1419"]
tyv	vulnerable		Q34119	http://www.wikidata.org/entity/Q34119	2026-07-08T11:44:14.709Z	0.9	["UNESCO Atlas of the World's Languages in Danger (via Wikidata P1999)","UNESCO Atlas language id 1234"]
tzj	definitely endangered		Q36941	http://www.wikidata.org/entity/Q36941	2026-07-08T11:44:14.709Z	0.9	["UNESCO Atlas of the World's Languages in Danger (via Wikidata P1999)","UNESCO Atlas language id 1831"]
uby	extinct		Q36931	http://www.wikidata.org/entity/Q36931	2026-07-08T11:44:14.709Z	0.9	["UNESCO Atlas of the World's Languages in Danger (via Wikidata P1999)","UNESCO Atlas language id 644"]
ude	critically endangered		Q13235	http://www.wikidata.org/entity/Q13235	2026-07-08T11:44:14.709Z	0.9	["UNESCO Atlas of the World's Languages in Danger (via Wikidata P1999)","UNESCO Atlas language id 505"]
udm	definitely endangered		Q13238	http://www.wikidata.org/entity/Q13238	2026-07-08T11:44:14.709Z	0.9	["UNESCO Atlas of the World's Languages in Danger (via Wikidata P1999)","UNESCO Atlas language id 418"]
ukr	safe		Q8798	http://www.wikidata.org/entity/Q8798	2026-07-08T11:44:14.709Z	0.9	["UNESCO Atlas of the World's Languages in Danger (via Wikidata P1999)"]
ulc	critically endangered		Q13239	http://www.wikidata.org/entity/Q13239	2026-07-08T11:44:14.709Z	0.9	["UNESCO Atlas of the World's Languages in Danger (via Wikidata P1999)","UNESCO Atlas language id 506"]
unk	vulnerable		Q3307184	http://www.wikidata.org/entity/Q3307184	2026-07-08T11:44:14.709Z	0.9	["UNESCO Atlas of the World's Languages in Danger (via Wikidata P1999)","UNESCO Atlas language id 1820"]
unm	extinct		Q3549180	http://www.wikidata.org/entity/Q3549180	2026-07-08T11:44:14.709Z	0.9	["UNESCO Atlas of the World's Languages in Danger (via Wikidata P1999)","UNESCO Atlas language id 280"]
unr	vulnerable		Q3327828	http://www.wikidata.org/entity/Q3327828	2026-07-08T11:44:14.709Z	0.9	["UNESCO Atlas of the World's Languages in Danger (via Wikidata P1999)","UNESCO Atlas language id 1211"]
urb	vulnerable		Q13893353	http://www.wikidata.org/entity/Q13893353	2026-07-08T11:44:14.709Z	0.9	["UNESCO Atlas of the World's Languages in Danger (via Wikidata P1999)","UNESCO Atlas language id 1706"]
ute	severely endangered		Q13260	http://www.wikidata.org/entity/Q13260	2026-07-08T11:44:14.709Z	0.9	["UNESCO Atlas of the World's Languages in Danger (via Wikidata P1999)","UNESCO Atlas language id 1473"]
uzb	safe		Q9264	http://www.wikidata.org/entity/Q9264	2026-07-08T11:44:14.709Z	0.9	["UNESCO Atlas of the World's Languages in Danger (via Wikidata P1999)"]
vep	severely endangered		Q32747	http://www.wikidata.org/entity/Q32747	2026-07-08T11:44:14.709Z	0.9	["UNESCO Atlas of the World's Languages in Danger (via Wikidata P1999)","UNESCO Atlas language id 420"]
vie	safe		Q9199	http://www.wikidata.org/entity/Q9199	2026-07-08T11:44:14.709Z	0.9	["UNESCO Atlas of the World's Languages in Danger (via Wikidata P1999)"]
vil	extinct		Q3409297	http://www.wikidata.org/entity/Q3409297	2026-07-08T11:44:14.709Z	0.9	["UNESCO Atlas of the World's Languages in Danger (via Wikidata P1999)","UNESCO Atlas language id 662"]
wac	critically endangered		Q12645081	http://www.wikidata.org/entity/Q12645081	2026-07-08T11:44:14.709Z	0.9	["UNESCO Atlas of the World's Languages in Danger (via Wikidata P1999)","UNESCO Atlas language id 805"]
wao	extinct		Q56530	http://www.wikidata.org/entity/Q56530	2026-07-08T11:44:14.709Z	0.9	["UNESCO Atlas of the World's Languages in Danger (via Wikidata P1999)","UNESCO Atlas language id 850"]
wap	vulnerable		Q3450493	http://www.wikidata.org/entity/Q3450493	2026-07-08T11:44:14.709Z	0.9	["UNESCO Atlas of the World's Languages in Danger (via Wikidata P1999)","UNESCO Atlas language id 320"]
was	severely endangered		Q34198	http://www.wikidata.org/entity/Q34198	2026-07-08T11:44:14.709Z	0.9	["UNESCO Atlas of the World's Languages in Danger (via Wikidata P1999)","UNESCO Atlas language id 848"]
wau	vulnerable		Q3450522	http://www.wikidata.org/entity/Q3450522	2026-07-08T11:44:14.709Z	0.9	["UNESCO Atlas of the World's Languages in Danger (via Wikidata P1999)","UNESCO Atlas language id 1240"]
waw	vulnerable		Q56632	http://www.wikidata.org/entity/Q56632	2026-07-08T11:44:14.709Z	0.9	["UNESCO Atlas of the World's Languages in Danger (via Wikidata P1999)","UNESCO Atlas language id 318"]
wbp	vulnerable		Q1639998	http://www.wikidata.org/entity/Q1639998	2026-07-08T11:44:14.709Z	0.9	["UNESCO Atlas of the World's Languages in Danger (via Wikidata P1999)","UNESCO Atlas language id 242"]
wic	critically endangered		Q56513	http://www.wikidata.org/entity/Q56513	2026-07-08T11:44:14.709Z	0.9	["UNESCO Atlas of the World's Languages in Danger (via Wikidata P1999)","UNESCO Atlas language id 893"]
wim	vulnerable		Q2092246	http://www.wikidata.org/entity/Q2092246	2026-07-08T11:44:14.709Z	0.9	["UNESCO Atlas of the World's Languages in Danger (via Wikidata P1999)","UNESCO Atlas language id 215"]
wiy	extinct		Q36937	http://www.wikidata.org/entity/Q36937	2026-07-08T11:44:14.709Z	0.9	["UNESCO Atlas of the World's Languages in Danger (via Wikidata P1999)","UNESCO Atlas language id 774"]
wrh	critically endangered		Q3913840	http://www.wikidata.org/entity/Q3913840	2026-07-08T11:44:14.709Z	0.9	["UNESCO Atlas of the World's Languages in Danger (via Wikidata P1999)","UNESCO Atlas language id 247"]
wrm	severely endangered		Q1764544	http://www.wikidata.org/entity/Q1764544	2026-07-08T11:44:14.709Z	0.9	["UNESCO Atlas of the World's Languages in Danger (via Wikidata P1999)","UNESCO Atlas language id 243"]
wro	critically endangered		Q3504106	http://www.wikidata.org/entity/Q3504106	2026-07-08T11:44:14.709Z	0.9	["UNESCO Atlas of the World's Languages in Danger (via Wikidata P1999)","UNESCO Atlas language id 248"]
wya	critically endangered		Q1185119	http://www.wikidata.org/entity/Q1185119	2026-07-08T11:44:14.709Z	0.9	["UNESCO Atlas of the World's Languages in Danger (via Wikidata P1999)","UNESCO Atlas language id 2397"]
xam	extinct		Q2086145	http://www.wikidata.org/entity/Q2086145	2026-07-08T11:44:14.709Z	0.9	["UNESCO Atlas of the World's Languages in Danger (via Wikidata P1999)","UNESCO Atlas language id 136"]
xav	vulnerable		Q36962	http://www.wikidata.org/entity/Q36962	2026-07-08T11:44:14.709Z	0.9	["UNESCO Atlas of the World's Languages in Danger (via Wikidata P1999)","UNESCO Atlas language id 1816"]
xcv	extinct		Q3516641	http://www.wikidata.org/entity/Q3516641	2026-07-08T11:44:14.709Z	0.9	["UNESCO Atlas of the World's Languages in Danger (via Wikidata P1999)"]
xdk	critically endangered		Q1166814	http://www.wikidata.org/entity/Q1166814	2026-07-08T11:44:14.709Z	0.9	["UNESCO Atlas of the World's Languages in Danger (via Wikidata P1999)","UNESCO Atlas language id 2073"]
xeg	extinct		Q3509732	http://www.wikidata.org/entity/Q3509732	2026-07-08T11:44:14.709Z	0.9	["UNESCO Atlas of the World's Languages in Danger (via Wikidata P1999)","UNESCO Atlas language id 130"]
xer	severely endangered		Q3073436	http://www.wikidata.org/entity/Q3073436	2026-07-08T11:44:14.709Z	0.9	["UNESCO Atlas of the World's Languages in Danger (via Wikidata P1999)","UNESCO Atlas language id 1870"]
xet	critically endangered		Q2980404	http://www.wikidata.org/entity/Q2980404	2026-07-08T11:44:14.709Z	0.9	["UNESCO Atlas of the World's Languages in Danger (via Wikidata P1999)","UNESCO Atlas language id 664"]
xho	safe		Q13218	http://www.wikidata.org/entity/Q13218	2026-07-08T11:44:14.709Z	0.9	["UNESCO Atlas of the World's Languages in Danger (via Wikidata P1999)"]
xhu	extinct		Q35740	http://www.wikidata.org/entity/Q35740	2026-07-08T11:44:14.709Z	0.9	["UNESCO Atlas of the World's Languages in Danger (via Wikidata P1999)"]
xii	critically endangered		Q36876	http://www.wikidata.org/entity/Q36876	2026-07-08T11:44:14.709Z	0.9	["UNESCO Atlas of the World's Languages in Danger (via Wikidata P1999)","UNESCO Atlas language id 1442"]
xin	critically endangered		Q1546494	http://www.wikidata.org/entity/Q1546494	2026-07-08T11:44:14.709Z	0.9	["UNESCO Atlas of the World's Languages in Danger (via Wikidata P1999)","UNESCO Atlas language id 1833"]
xmf	definitely endangered		Q13359	http://www.wikidata.org/entity/Q13359	2026-07-08T11:44:14.709Z	0.9	["UNESCO Atlas of the World's Languages in Danger (via Wikidata P1999)","UNESCO Atlas language id 1057"]
xok	critically endangered		Q3027930	http://www.wikidata.org/entity/Q3027930	2026-07-08T11:44:14.709Z	0.9	["UNESCO Atlas of the World's Languages in Danger (via Wikidata P1999)","UNESCO Atlas language id 1874"]
xor	vulnerable		Q3199022	http://www.wikidata.org/entity/Q3199022	2026-07-08T11:44:14.709Z	0.9	["UNESCO Atlas of the World's Languages in Danger (via Wikidata P1999)","UNESCO Atlas language id 1793"]
xra	vulnerable		Q3199549	http://www.wikidata.org/entity/Q3199549	2026-07-08T11:44:14.709Z	0.9	["UNESCO Atlas of the World's Languages in Danger (via Wikidata P1999)","UNESCO Atlas language id 2066"]
xsr	vulnerable		Q36612	http://www.wikidata.org/entity/Q36612	2026-07-08T11:44:14.709Z	0.9	["UNESCO Atlas of the World's Languages in Danger (via Wikidata P1999)","UNESCO Atlas language id 1128"]
xug	definitely endangered		Q56558	http://www.wikidata.org/entity/Q56558	2026-07-08T11:44:14.709Z	0.9	["UNESCO Atlas of the World's Languages in Danger (via Wikidata P1999)","UNESCO Atlas language id 1974"]
xuu	definitely endangered		Q28305	http://www.wikidata.org/entity/Q28305	2026-07-08T11:44:14.709Z	0.9	["UNESCO Atlas of the World's Languages in Danger (via Wikidata P1999)","UNESCO Atlas language id 128"]
yaa	vulnerable		Q3026110	http://www.wikidata.org/entity/Q3026110	2026-07-08T11:44:14.709Z	0.9	["UNESCO Atlas of the World's Languages in Danger (via Wikidata P1999)","UNESCO Atlas language id 1632"]
yaq	vulnerable		Q34191	http://www.wikidata.org/entity/Q34191	2026-07-08T11:44:14.709Z	0.9	["UNESCO Atlas of the World's Languages in Danger (via Wikidata P1999)","UNESCO Atlas language id 872"]
yoi	severely endangered		Q34243	http://www.wikidata.org/entity/Q34243	2026-07-08T11:44:14.709Z	0.9	["UNESCO Atlas of the World's Languages in Danger (via Wikidata P1999)","UNESCO Atlas language id 1972"]
yor	safe		Q34311	http://www.wikidata.org/entity/Q34311	2026-07-08T11:44:14.709Z	0.9	["UNESCO Atlas of the World's Languages in Danger (via Wikidata P1999)"]
yrk	definitely endangered		Q36452	http://www.wikidata.org/entity/Q36452	2026-07-08T11:44:14.709Z	0.9	["UNESCO Atlas of the World's Languages in Danger (via Wikidata P1999)"]
yrl	severely endangered		Q34333	http://www.wikidata.org/entity/Q34333	2026-07-08T11:44:14.709Z	0.9	["UNESCO Atlas of the World's Languages in Danger (via Wikidata P1999)","UNESCO Atlas language id 325"]
ysr	extinct		Q28156	http://www.wikidata.org/entity/Q28156	2026-07-08T11:44:14.709Z	0.9	["UNESCO Atlas of the World's Languages in Danger (via Wikidata P1999)","UNESCO Atlas language id 158"]
yuf	vulnerable		Q111366384	http://www.wikidata.org/entity/Q111366384	2026-07-08T11:44:14.709Z	0.9	["UNESCO Atlas of the World's Languages in Danger (via Wikidata P1999)","UNESCO Atlas language id 840"]
yui	definitely endangered		Q3573266	http://www.wikidata.org/entity/Q3573266	2026-07-08T11:44:14.709Z	0.9	["UNESCO Atlas of the World's Languages in Danger (via Wikidata P1999)","UNESCO Atlas language id 2015"]
yuk	extinct		Q36993	http://www.wikidata.org/entity/Q36993	2026-07-08T11:44:14.709Z	0.9	["UNESCO Atlas of the World's Languages in Danger (via Wikidata P1999)","UNESCO Atlas language id 849"]
yup	vulnerable		Q3441447	http://www.wikidata.org/entity/Q3441447	2026-07-08T11:44:14.709Z	0.9	["UNESCO Atlas of the World's Languages in Danger (via Wikidata P1999)","UNESCO Atlas language id 326"]
yur	critically endangered		Q34685	http://www.wikidata.org/entity/Q34685	2026-07-08T11:44:14.709Z	0.9	["UNESCO Atlas of the World's Languages in Danger (via Wikidata P1999)","UNESCO Atlas language id 775"]
yux	critically endangered		Q56545	http://www.wikidata.org/entity/Q56545	2026-07-08T11:44:14.709Z	0.9	["UNESCO Atlas of the World's Languages in Danger (via Wikidata P1999)","UNESCO Atlas language id 474"]
ywn	vulnerable		Q10322118	http://www.wikidata.org/entity/Q10322118	2026-07-08T11:44:14.709Z	0.9	["UNESCO Atlas of the World's Languages in Danger (via Wikidata P1999)","UNESCO Atlas language id 647"]
zha	critically endangered		Q13216	http://www.wikidata.org/entity/Q13216	2026-07-08T11:44:14.709Z	0.9	["UNESCO Atlas of the World's Languages in Danger (via Wikidata P1999)","UNESCO Atlas language id 2464"]
zku	critically endangered		Q6378899	http://www.wikidata.org/entity/Q6378899	2026-07-08T11:44:14.709Z	0.9	["UNESCO Atlas of the World's Languages in Danger (via Wikidata P1999)","UNESCO Atlas language id 1938"]
zoc	definitely endangered		Q12954017	http://www.wikidata.org/entity/Q12954017	2026-07-08T11:44:14.709Z	0.9	["UNESCO Atlas of the World's Languages in Danger (via Wikidata P1999)","UNESCO Atlas language id 909"]
zoh	vulnerable		Q5099289	http://www.wikidata.org/entity/Q5099289	2026-07-08T11:44:14.709Z	0.9	["UNESCO Atlas of the World's Languages in Danger (via Wikidata P1999)","UNESCO Atlas language id 906"]
zoq	critically endangered		Q323325	http://www.wikidata.org/entity/Q323325	2026-07-08T11:44:14.709Z	0.9	["UNESCO Atlas of the World's Languages in Danger (via Wikidata P1999)","UNESCO Atlas language id 913"]
zro	critically endangered		Q10206	http://www.wikidata.org/entity/Q10206	2026-07-08T11:44:14.709Z	0.9	["UNESCO Atlas of the World's Languages in Danger (via Wikidata P1999)","UNESCO Atlas language id 668"]
zun	vulnerable		Q10188	http://www.wikidata.org/entity/Q10188	2026-07-08T11:44:14.709Z	0.9	["UNESCO Atlas of the World's Languages in Danger (via Wikidata P1999)","UNESCO Atlas language id 880"]
